user,wikileaks_flag,assange_flag,keylogger_flag,high_quick_session_flag,more_than_3_pc,high_after_hours_logon,high_weekend_logon
AAC0610,0,0,0,0,0,0,1
AAF0819,0,0,0,0,0,0,0
AAP0352,0,0,0,0,0,0,0
AAP1919,0,0,0,1,0,0,0
ABD3426,0,0,0,1,0,0,1
ABH0349,0,0,0,0,0,0,0
ABK3081,0,0,0,0,0,0,1
ABM3687,0,0,0,0,0,0,1
ABM3772,0,0,0,0,0,0,1
ABO1173,0,0,0,0,0,1,1
ABP2917,0,0,0,0,0,0,1
ABR0397,0,0,0,0,0,1,0
ACB0701,0,0,0,0,0,1,1
ACF1806,0,0,0,0,0,0,0
ACG3819,0,0,0,0,0,0,1
ACM2278,154,154,0,0,0,0,1
ACS1921,0,0,0,0,0,1,0
ACV1946,0,0,0,0,0,1,1
ADB1105,0,0,0,0,0,0,0
ADG1737,0,0,0,1,0,1,1
ADM0923,0,0,0,0,0,0,1
ADP3667,0,0,0,0,0,0,1
ADS2950,0,0,0,0,0,0,1
AEB3249,0,0,0,0,0,0,0
AEB3574,0,0,0,0,0,1,0
AED1421,0,0,0,1,0,0,1
AFB0904,0,0,0,0,0,0,0
AFB3228,0,0,0,1,0,1,1
AFP2709,0,0,0,1,0,0,1
AGB0057,0,0,0,0,0,1,0
AGF0742,0,0,0,1,0,1,1
AGL1301,0,0,0,0,0,0,0
AGW1590,0,0,0,0,0,1,1
AHB0648,0,0,0,0,0,0,0
AHC1994,0,0,0,0,0,1,1
AIB3416,0,0,0,0,0,0,0
AIJ3995,0,0,0,0,0,0,1
AIP1614,0,0,0,0,0,0,1
AJG0240,0,0,0,0,0,0,1
AJH2110,0,0,0,0,0,1,0
AJM0345,0,0,0,0,0,0,0
AJS3021,0,0,0,0,0,0,1
AKB2312,0,0,0,1,0,0,1
AKB3530,0,0,0,0,0,0,0
AKD0272,0,0,0,0,0,1,1
AKG2702,0,0,0,0,0,0,0
AKH0454,0,0,0,0,0,0,1
AKH1534,0,0,0,0,0,0,0
AKL1605,0,0,0,0,0,0,0
AKS3496,0,0,0,0,0,0,1
ALB3649,0,0,0,0,0,1,1
AMB3100,0,0,0,0,0,1,1
AME1490,0,0,0,0,0,1,1
AMJ2374,0,0,0,0,0,0,0
AMS0712,0,0,0,0,0,1,0
ANB2766,0,0,0,0,0,0,0
ANC1950,0,0,0,0,0,1,1
ANF3332,0,0,0,0,0,1,1
ANL3024,0,0,0,0,0,0,1
AOC0982,0,0,0,0,0,0,0
AOM1457,0,0,0,0,0,0,0
APA1788,0,0,0,0,0,1,1
APB1122,0,0,0,0,0,1,0
APP2488,0,0,0,1,0,0,0
APS1968,0,0,0,0,0,1,1
ARC3034,0,0,0,0,0,0,0
ARH2097,0,0,0,0,0,0,0
ARK3198,0,0,0,0,0,1,1
ARV0704,0,0,0,0,0,0,0
ARZ3464,0,0,0,0,0,0,1
ASC0177,0,0,0,0,0,0,0
ASW1918,0,0,0,0,0,1,1
ATD0146,0,0,0,0,0,0,0
ATH0225,0,0,0,1,0,1,1
ATM1615,0,0,0,0,0,0,1
ATT1191,0,0,0,1,0,0,1
AVS2317,0,0,0,0,0,0,0
AWM2286,0,0,0,0,0,0,0
AXW3243,0,0,0,0,0,1,1
AYS1628,0,0,0,0,0,0,0
BAB1619,0,0,0,0,0,0,1
BAG2641,0,0,0,0,0,0,1
BAL2366,0,0,0,0,0,0,0
BAO2928,0,0,0,0,0,0,1
BBA1230,0,0,0,0,0,0,0
BBM2604,0,0,0,0,0,0,0
BBT0062,0,0,0,1,0,0,1
BBW0594,0,0,0,0,0,0,1
BCC2536,0,0,0,0,0,0,1
BDJ3001,0,0,0,1,0,0,0
BDJ3326,0,0,0,0,0,0,0
BDP0031,0,0,0,0,0,1,0
BDP3912,0,0,0,0,0,0,0
BDR0510,0,0,0,0,0,0,1
BEG3521,0,0,0,0,0,1,0
BEH0103,0,0,0,0,0,0,1
BHD2088,0,0,0,0,0,0,1
BHE1709,0,0,0,0,0,0,0
BJE0351,0,0,0,0,0,0,1
BJV2631,0,0,0,0,0,0,0
BKB0853,0,0,0,0,0,0,0
BKF0427,0,0,0,0,0,0,0
BLB1876,0,0,0,0,0,1,1
BLL3585,0,0,0,0,0,1,0
BMC3636,0,0,0,0,0,1,1
BMM0462,0,0,0,1,0,1,0
BMM3328,0,0,0,0,0,0,0
BMN0178,0,0,0,0,0,0,1
BMS0925,0,0,0,0,0,0,1
BNF1110,0,0,0,0,0,1,1
BNH3516,0,0,0,0,0,0,0
BNS3233,0,0,0,1,0,1,0
BPD2437,0,0,0,1,0,1,1
BPN3051,0,0,0,1,0,1,0
BQV1308,0,0,0,0,0,0,0
BRD3314,0,0,0,0,0,0,0
BRG3267,0,0,0,0,0,0,1
BRW3552,0,0,0,0,0,0,0
BSB3083,0,0,0,0,0,0,0
BSM2844,0,0,0,0,0,0,0
BUS1727,0,0,0,0,0,0,0
BVB1673,0,0,0,0,0,0,1
BWM2339,0,0,0,0,0,1,0
BWW1159,0,0,0,0,0,0,0
BXT2678,0,0,0,0,0,0,0
BYF3784,0,0,0,0,0,0,0
BYS3626,0,0,0,0,0,1,1
CAG2442,0,0,0,1,0,1,1
CAM0679,0,0,0,0,0,1,0
CAM1323,0,0,0,0,0,0,1
CAM3050,0,0,0,1,0,1,0
CAR0992,0,0,0,0,0,1,1
CAR2244,0,0,0,0,0,0,1
CBA1023,0,0,0,1,0,1,1
CBB2904,0,0,0,0,0,0,0
CBC0952,0,0,0,0,0,0,0
CBC3175,0,0,0,0,0,0,0
CBG1074,0,0,0,0,0,0,0
CCF3529,0,0,0,1,0,1,0
CCN2726,0,0,0,1,0,0,0
CCT2165,0,0,0,0,0,0,1
CCW2381,0,0,0,1,0,0,1
CDB2017,0,0,0,0,0,1,1
CDC3413,0,0,0,0,0,0,1
CDM0538,0,0,0,0,0,0,0
CDW0886,0,0,0,0,0,0,0
CEC1352,0,0,0,1,0,0,1
CER0228,0,0,0,0,0,0,1
CFL0156,0,0,0,0,0,0,1
CGG3388,0,0,0,0,0,0,1
CGM2036,0,0,0,0,0,0,0
CHB1062,0,0,0,1,0,1,0
CHM1561,0,0,0,0,0,1,1
CID3640,0,0,0,0,0,0,0
CIG3191,0,0,0,0,0,1,0
CIH0995,0,0,0,0,0,0,0
CIY1654,0,0,0,0,0,1,0
CJC1433,0,0,0,0,0,0,1
CJG3002,0,0,0,0,0,0,0
CJH2411,0,0,0,0,0,0,0
CJM0273,0,0,0,1,0,1,1
CJM0584,0,0,0,0,0,0,0
CJM3315,0,0,0,0,0,0,1
CJS1986,0,0,0,1,0,0,0
CKB0596,0,0,0,0,0,0,1
CKB3645,0,0,0,0,0,0,0
CKL0697,0,0,0,0,0,1,0
CKP3600,0,0,0,0,0,0,0
CLR2407,0,0,0,1,0,0,1
CMH2342,0,0,0,1,0,1,1
CMO2396,0,0,0,0,0,1,1
CMP2946,0,0,0,1,0,0,0
CMT0267,0,0,0,0,0,0,0
CNE2161,0,0,0,0,0,0,0
CNH3475,0,0,0,0,0,0,0
CPC0724,0,0,0,0,0,0,1
CQS2883,0,0,0,0,0,0,1
CRL2357,0,0,0,0,0,0,1
CRM0139,0,0,0,1,0,0,1
CRP3682,0,0,0,0,0,0,1
CSB1660,0,0,0,0,0,1,0
CSB3932,0,0,0,0,0,0,0
CSL0428,0,0,0,0,0,1,1
CSM1554,0,0,0,0,0,1,0
CSM3502,0,0,0,0,0,0,1
CSP2186,0,0,0,0,0,0,0
CSR3140,0,0,0,0,0,0,0
CTB3481,0,0,0,0,0,1,0
CTC0421,0,0,0,0,0,0,0
CTC0859,0,0,0,0,0,0,0
CTH0737,0,0,0,1,0,0,0
CTH2220,0,0,0,0,0,0,0
CWA2554,0,0,0,0,0,0,1
DAD1785,0,0,0,0,0,0,0
DAM0096,0,0,0,1,0,1,0
DAS3775,0,0,0,0,0,0,0
DBC3871,0,0,0,0,0,0,1
DBF3582,0,0,0,0,0,1,0
DBF3635,0,0,0,0,0,1,1
DBG0477,0,0,0,0,0,0,1
DBH1596,0,0,0,0,0,1,0
DBT0141,0,0,0,0,0,0,1
DCB0401,0,0,0,0,0,0,0
DDG0528,0,0,0,0,0,0,0
DEP0163,0,0,0,0,0,0,0
DFM2933,0,0,0,0,0,0,0
DGG3429,0,0,0,0,0,0,0
DGQ3744,0,0,0,0,0,0,1
DGS1079,0,0,0,1,0,0,0
DHG0533,0,0,0,0,0,0,0
DHG0962,0,0,0,0,0,0,0
DHG1830,0,0,0,1,0,0,0
DHL2219,0,0,0,0,0,0,0
DJA0740,0,0,0,0,0,1,1
DJB1236,0,0,0,0,0,0,0
DJF2329,0,0,0,0,0,1,0
DJF3394,0,0,0,0,0,0,0
DJS1127,0,0,0,0,0,0,1
DKD2409,0,0,0,0,0,0,0
DLM1680,0,0,0,0,0,1,1
DLM2440,0,0,0,1,0,1,0
DMB1429,0,0,0,0,0,0,0
DMH1232,0,0,0,0,0,0,0
DMW2128,0,0,0,0,0,0,0
DNM0275,0,0,0,1,0,1,1
DOM0586,0,0,0,0,0,0,0
DOS1990,0,0,0,0,0,0,0
DOT1898,0,0,0,1,0,0,0
DRC2296,0,0,0,0,0,0,1
DSA3620,0,0,0,0,0,0,0
DSM1286,0,0,0,0,0,0,0
DTA2223,0,0,0,0,0,0,0
DTG1294,0,0,0,1,0,0,1
DTH1333,0,0,0,0,0,0,1
DTL2891,0,0,0,1,0,0,1
DWB3085,0,0,0,0,0,0,0
DWD2621,0,0,0,0,0,0,0
EBD2562,0,0,0,0,0,0,0
ECB1683,0,0,0,0,0,1,1
ECS3353,0,0,0,0,0,0,0
EDF2361,0,0,0,0,0,0,0
EEC3193,0,0,0,0,0,1,0
EGC0931,0,0,0,0,0,1,0
EGD3972,0,0,0,0,0,1,0
EHD1744,0,0,0,0,0,0,0
EIY2749,0,0,0,0,0,0,0
EJH2799,0,0,0,0,0,0,0
EJL1075,0,0,0,1,0,0,0
EJS1338,0,0,0,0,0,0,0
EKH2084,0,0,0,0,0,0,0
ELW1413,0,0,0,0,0,1,1
EMK3809,0,0,0,0,0,0,1
ENM2269,0,0,0,0,0,1,0
ENS1748,0,0,0,0,0,0,1
EPI3052,0,0,0,1,0,1,1
ERH0815,0,0,0,0,0,0,0
ESH2077,0,0,0,0,0,0,0
ESS3318,0,0,0,0,0,0,0
ESS3341,0,0,0,0,0,0,0
ETG2821,0,0,0,0,0,0,0
EYD2871,0,0,0,0,0,0,1
EZB3892,0,0,0,0,0,0,0
FAJ0523,0,0,0,0,0,0,1
FAJ3101,0,0,0,0,0,0,0
FAJ3608,0,0,0,1,0,0,1
FAL1867,0,0,0,1,0,0,0
FCM2190,0,0,0,0,0,0,0
FCM3926,0,0,0,0,0,0,0
FDD3893,0,0,0,0,0,0,1
FDF2135,0,0,0,0,0,0,1
FDV1224,0,0,0,0,0,0,1
FGC0114,0,0,0,0,0,1,1
FHA3387,0,0,0,0,0,0,1
FJO1828,0,0,0,0,0,0,1
FMR0920,0,0,0,0,0,0,0
FNM2124,0,0,0,1,0,0,0
FNW3564,0,0,0,0,0,0,1
FRB3653,0,0,0,0,0,0,0
FRG1576,0,0,0,0,0,1,0
FSM0056,0,0,0,0,0,0,0
FTS0246,0,0,0,0,0,0,1
FVR0881,0,0,0,0,0,0,1
FYP1187,0,0,0,1,0,0,1
FZM0318,0,0,0,0,0,0,0
GAF2480,0,0,0,1,0,0,1
GAH0525,0,0,0,0,0,0,1
GAN1584,0,0,0,0,0,1,1
GDH2500,0,0,0,1,0,1,1
GDM3960,0,0,0,0,0,1,1
GDY2724,0,0,0,0,0,1,1
GEH3406,0,0,0,0,0,0,0
GFB1385,0,0,0,0,0,0,0
GFJ2582,0,0,0,0,0,0,1
GFK3498,0,0,0,1,0,0,1
GGM3737,0,0,0,0,0,1,1
GIH0882,0,0,0,0,0,0,1
GJB2659,0,0,0,0,0,0,0
GJM0065,0,0,0,0,0,0,0
GKB2807,0,0,0,0,0,0,0
GKG3414,0,0,0,0,0,0,1
GKL0006,0,0,0,0,0,0,1
GLN2107,0,0,0,0,0,0,0
GMF1213,0,0,0,0,0,0,0
GMM0224,0,0,0,1,0,0,0
GNC2237,0,0,0,0,0,0,0
GNT0221,0,0,0,1,0,1,1
GRP0277,0,0,0,0,0,0,1
GRY1398,0,0,0,1,0,1,1
GSA3815,0,0,0,0,0,0,0
GSC0530,0,0,0,0,0,0,1
GTC0747,0,0,0,1,0,0,0
GVC1358,0,0,0,0,0,0,0
GWM3260,0,0,0,0,0,0,1
GWW3788,0,0,0,0,0,0,0
GYH3476,0,0,0,1,0,1,0
HAG3196,0,0,0,1,0,1,1
HAR3571,0,0,0,0,0,0,0
HBC0081,0,0,0,0,0,0,1
HBD1371,0,0,0,0,0,0,0
HCB1383,0,0,0,0,0,1,1
HCF2857,0,0,0,0,0,0,0
HCS2231,0,0,0,0,0,0,1
HCS2401,0,0,0,0,0,0,0
HDB1666,0,0,0,0,0,1,1
HDN1139,0,0,0,0,0,0,1
HDN2609,0,0,0,1,0,0,1
HET0359,0,0,0,0,0,1,0
HGD1664,0,0,0,1,0,1,1
HGH0727,0,0,0,0,0,0,1
HGJ2592,0,0,0,1,0,0,1
HHD2393,0,0,0,0,0,1,0
HHF1995,0,0,0,0,0,0,1
HIP0148,0,0,0,1,0,0,0
HJA0779,0,0,0,0,0,0,0
HJD3439,0,0,0,1,0,0,0
HJW2646,0,0,0,0,0,0,0
HKH0204,0,0,0,0,0,1,1
HKK2716,0,0,0,0,0,0,0
HKT1778,0,0,0,0,0,1,0
HMM2768,0,0,0,0,0,1,0
HMR0098,0,0,0,0,0,0,1
HMY0235,0,0,0,0,0,1,1
HNB2571,0,0,0,1,0,0,1
HNC0074,0,0,0,0,0,0,0
HNM3405,0,0,0,0,0,0,1
HQF1912,0,0,0,1,0,0,1
HSA2065,0,0,0,0,0,0,1
HWP0364,0,0,0,0,0,0,0
HYK3300,0,0,0,0,0,0,0
HZH0297,0,0,0,0,0,1,0
IBP1616,0,0,0,0,0,0,1
IBV1578,0,0,0,0,0,0,0
ICH2378,0,0,0,1,0,0,1
IFC0958,0,0,0,0,0,0,1
IGP2254,0,0,0,0,0,1,0
IIW0399,0,0,0,0,0,0,0
IKM1808,0,0,0,0,0,0,1
IKP1047,0,0,0,0,0,1,1
IKT0917,0,0,0,0,0,0,1
ILH2989,0,0,0,0,0,0,1
ILK3668,0,0,0,0,0,1,1
ILY3152,0,0,0,0,0,0,1
IMC3296,0,0,0,0,0,1,1
IMH0562,0,0,0,0,0,1,1
IMR3660,0,0,0,0,0,1,0
IMS0862,0,0,0,0,0,0,1
IRC3952,0,0,0,0,0,0,1
IRP2018,0,0,0,0,0,1,0
IRS1337,0,0,0,0,0,0,1
ISR1364,0,0,0,0,0,1,0
IWG0058,0,0,0,0,0,1,1
IWW0699,0,0,0,1,0,0,0
JAB3656,0,0,0,0,0,1,1
JBB0847,0,0,0,0,0,1,0
JCB2089,0,0,0,0,0,0,0
JCB3054,0,0,0,1,0,1,1
JCL0446,0,0,0,1,0,1,1
JCP1462,0,0,0,1,0,0,1
JCR1148,0,0,0,0,0,0,1
JCS2391,0,0,0,0,0,1,0
JDC2176,0,0,0,0,0,1,1
JDM1042,0,0,0,1,0,0,1
JDV1245,0,0,0,0,0,0,0
JEH2787,0,0,0,0,0,0,0
JEM0546,0,0,0,1,0,1,1
JEP1571,0,0,0,0,0,0,0
JET2299,0,0,0,0,0,0,1
JGR3914,0,0,0,0,0,1,0
JHE3080,0,0,0,0,0,0,0
JHK3122,0,0,0,1,0,1,1
JIR2594,0,0,0,0,0,0,1
JJH2332,0,0,0,1,0,1,0
JKC2754,0,0,0,0,0,1,1
JKK1422,0,0,0,0,0,0,0
JKS2444,0,0,0,0,0,0,1
JLR0313,0,0,0,0,0,0,0
JMB2246,0,0,0,0,0,0,0
JME0387,0,0,0,0,0,0,0
JMV0602,0,0,0,0,0,0,0
JNP1240,0,0,0,0,0,0,0
JOA0305,0,0,0,0,0,0,0
JPC2507,0,0,0,0,0,0,1
JRR0769,0,0,0,0,0,0,0
JRR2745,0,0,0,0,0,1,0
JSH3019,0,0,0,0,0,0,1
JSM3931,0,0,0,0,0,0,0
JSN0214,0,0,0,1,0,0,0
JTJ3700,0,0,0,0,0,0,1
JVS2308,0,0,0,0,0,0,0
JYB0262,0,0,0,0,0,0,1
JZE2902,0,0,0,0,0,0,1
KAC1774,0,0,0,1,0,1,0
KAG2599,0,0,0,0,0,0,0
KBC1485,0,0,0,0,0,0,1
KBM3460,0,0,0,0,0,0,0
KBM3734,0,0,0,0,0,1,1
KBP0384,0,0,0,0,0,0,1
KBP0899,0,0,0,0,0,0,1
KCG0979,0,0,0,0,0,0,0
KCH3095,0,0,0,0,0,1,0
KCM3235,0,0,0,0,0,1,0
KCW2117,0,0,0,0,0,1,1
KCW3064,0,0,0,0,0,0,0
KDC0444,0,0,0,1,0,1,1
KDF0876,0,0,0,0,0,0,0
KDW2929,0,0,0,0,0,0,1
KEC2465,0,0,0,0,0,0,0
KEF0629,0,0,0,0,0,0,1
KEF1057,0,0,0,1,0,1,1
KEM1208,0,0,0,0,0,0,1
KEO0131,0,0,0,0,0,0,1
KJB3654,0,0,0,0,0,1,0
KJS0119,0,0,0,0,0,1,0
KKB1088,0,0,0,0,0,0,1
KKH2324,0,0,0,0,0,1,0
KLP0249,0,0,0,0,0,0,0
KLP3864,0,0,0,0,0,1,1
KMB3781,0,0,0,0,0,0,0
KMR0682,0,0,0,0,0,1,1
KOR1163,0,0,0,0,0,1,1
KRH1028,0,0,0,0,0,0,1
KRM3125,0,0,0,0,0,0,0
KTC0474,0,0,0,0,0,0,0
KWC3812,0,0,0,0,0,0,1
LAF2213,0,0,0,0,0,1,1
LAH3026,0,0,0,1,0,0,0
LAN1329,0,0,0,0,0,0,1
LBG0407,0,0,0,0,0,0,1
LCF1216,0,0,0,0,0,0,0
LCP0344,0,0,0,0,0,0,1
LCW0047,0,0,0,1,0,1,0
LDB3304,0,0,0,0,0,0,1
LDN2514,0,0,0,0,0,0,1
LEB1764,0,0,0,1,0,1,1
LER3942,0,0,0,0,0,0,0
LFR0075,0,0,0,0,0,0,0
LGR3119,0,0,0,0,0,0,0
LIC0203,0,0,0,0,0,1,0
LJC0191,0,0,0,0,0,1,1
LLH3157,0,0,0,0,0,0,0
LLT0291,0,0,0,1,0,1,1
LMH3831,0,0,0,1,0,1,0
LMM3366,0,0,0,0,0,0,0
LNM1879,0,0,0,0,0,0,0
LOP1708,0,0,0,0,0,0,0
LPC2011,0,0,0,1,0,0,0
LPH3918,0,0,0,0,0,0,0
LQW1314,0,0,0,0,0,0,1
LRM1362,0,0,0,0,0,0,0
LRM1922,0,0,0,0,0,0,0
LRS2996,0,0,0,1,0,0,1
LSL0001,0,0,0,0,0,1,0
LTH1795,0,0,0,0,0,1,0
LTW1378,0,0,0,0,0,0,1
LTW1441,0,0,0,0,0,0,1
LUG2205,0,0,0,0,0,1,0
LUK1182,0,0,0,1,0,1,0
LVH1790,0,0,0,0,0,0,0
LWB2851,0,0,0,0,0,0,1
LXC0839,0,0,0,0,0,1,0
LXE2139,0,0,0,0,0,0,1
LYB3419,0,0,0,0,0,0,1
LYS3814,0,0,0,0,0,0,1
LZM0306,0,0,0,0,0,0,1
MAB1775,0,0,0,1,0,1,0
MAG2667,0,0,0,0,0,0,0
MAH0438,0,0,0,0,0,0,0
MAL2345,0,0,0,0,0,0,0
MAM2363,0,0,0,0,0,0,1
MAR2386,0,0,0,1,0,0,0
MAS3218,0,0,0,0,0,1,1
MBC0803,0,0,0,0,0,0,0
MBG3183,0,0,0,0,0,0,0
MBH0527,0,0,0,0,0,0,1
MBH1370,0,0,0,1,0,1,1
MBR3648,0,0,0,0,0,1,0
MCB2802,0,0,0,0,0,0,0
MCH3354,0,0,0,1,0,0,1
MCW0674,0,0,0,1,0,0,1
MDF1222,0,0,0,0,0,0,0
MDG0019,0,0,0,1,0,0,0
MDH2713,0,0,0,0,0,0,0
MDO0606,0,0,0,0,0,0,1
MEB2241,0,0,0,0,0,0,0
MEC0781,0,0,0,0,0,0,1
MET1881,0,0,0,0,0,1,1
MEW1406,0,0,0,1,0,1,0
MFK0902,0,0,0,0,0,0,1
MHG3749,0,0,0,0,0,0,0
MIA3825,0,0,0,0,0,0,1
MIC2325,0,0,0,1,0,0,0
MJG2304,0,0,0,0,0,0,0
MJS3720,0,0,0,0,0,0,0
MKJ1574,0,0,0,0,0,1,0
MKM0647,0,0,0,0,0,0,0
MKR1339,0,0,0,0,0,0,0
MKR2138,0,0,0,0,0,1,1
MLW2240,0,0,0,0,0,0,1
MMC1084,0,0,0,0,0,0,0
MMS0241,0,0,0,0,0,0,1
MMW1927,0,0,0,0,0,0,0
MNR1903,0,0,0,0,0,0,0
MNT0922,0,0,0,0,0,0,1
MNW1733,0,0,0,0,0,1,0
MOS0496,0,0,0,0,0,0,0
MPB2578,0,0,0,1,0,0,1
MPS2849,0,0,0,0,0,0,1
MQR1657,0,0,0,0,0,1,1
MRL2636,0,0,0,0,0,0,0
MRS0368,0,0,0,1,0,0,0
MRS0409,0,0,0,0,0,0,0
MSP3845,0,0,0,0,0,0,0
MTP2675,0,0,0,0,0,0,0
MVS1908,0,0,0,0,0,0,0
MWG1570,0,0,0,0,0,1,1
NBR3731,0,0,0,0,0,1,1
NBT3447,0,0,0,0,0,0,1
NBW2810,0,0,0,0,0,1,0
NCR2854,0,0,0,0,0,0,0
NCS1854,0,0,0,0,0,1,1
NDC0948,0,0,0,0,0,0,0
NDM2251,0,0,0,0,0,0,0
NDW3217,0,0,0,0,0,1,0
NEH3435,0,0,0,0,0,0,1
NGB0066,0,0,0,0,0,0,0
NGP0549,0,0,0,0,0,0,0
NIB1197,0,0,0,0,0,0,0
NIW3071,0,0,0,0,0,0,0
NJL2478,0,0,0,0,0,0,0
NJM0440,0,0,0,1,0,0,0
NJS2498,0,0,0,1,0,1,1
NMM1560,0,0,0,0,0,1,1
NNM2862,0,0,0,0,0,0,1
NOE2965,0,0,0,0,0,0,0
NQM0084,0,0,0,0,0,1,0
NQO2712,0,0,0,1,0,1,0
NRG1562,0,0,0,0,0,1,0
NRT1320,0,0,0,0,0,0,1
NSC1939,0,0,0,0,0,0,0
NSR2539,0,0,0,0,0,1,1
NTC2663,0,0,0,0,0,0,0
NTF1342,0,0,0,0,0,0,0
NVH3726,0,0,0,0,0,1,0
NVL2180,0,0,0,0,0,0,0
NWH2896,0,0,0,0,0,0,1
OAP2825,0,0,0,0,0,1,0
OAW3013,0,0,0,1,0,0,0
OCD3513,0,0,0,0,0,0,0
OCH2853,0,0,0,0,0,0,1
OED3393,0,0,0,0,0,0,0
OEJ1648,0,0,0,0,0,1,1
OGW3384,0,0,0,0,0,0,0
OJR2085,0,0,0,0,0,0,0
OJT3599,0,0,0,0,0,0,1
OKG1889,0,0,0,0,0,1,1
OKH3777,0,0,0,0,0,0,1
OQL3890,0,0,0,0,0,0,0
ORM1484,0,0,0,0,0,1,1
OSC1925,0,0,0,1,0,0,0
PDG2607,0,0,0,0,0,0,1
PGF3491,0,0,0,1,0,0,1
PHB0124,0,0,0,0,0,0,0
PHH1524,0,0,0,0,0,1,1
PJC1252,0,0,0,0,0,1,1
PLH1807,0,0,0,0,0,1,1
PLJ1771,0,0,8,0,0,1,0
PMF0768,0,0,0,0,0,0,0
PMH3484,0,0,0,1,0,0,0
PNH1444,0,0,0,1,0,0,1
PPG2889,0,0,0,0,0,0,0
PPP1295,0,0,0,0,0,0,1
PSP3592,0,0,0,0,0,0,0
PVV3999,0,0,0,0,0,0,0
PWM0708,0,0,0,0,0,0,0
QAH0048,0,0,0,1,0,1,0
QAH1315,0,0,0,1,0,0,1
QBL1386,0,0,0,0,0,0,1
QBR2250,0,0,0,0,0,0,0
QCD0386,0,0,0,1,0,0,0
QCN2206,0,0,0,0,0,0,1
QFP3467,0,0,0,0,0,0,0
QGH0041,0,0,0,1,0,1,1
QIS2940,0,0,0,0,0,0,0
QJO1715,0,0,0,0,0,0,0
QKO2718,0,0,0,1,0,0,0
QRJ1597,0,0,0,1,0,1,1
QWL3474,0,0,0,0,0,1,1
RAA1455,0,0,0,1,0,0,1
RCF0054,0,0,0,0,0,1,0
RCG0105,0,0,0,0,0,0,1
RCS2064,0,0,0,0,0,0,1
RCT1697,0,0,0,1,0,1,1
RDA3381,0,0,0,0,0,0,1
REC0283,0,0,0,0,0,1,1
REF3266,0,0,0,0,0,0,1
REJ2666,0,0,0,1,0,1,1
REM0580,0,0,0,0,0,0,1
RGB1581,0,0,0,0,0,1,0
RJF3299,0,0,0,0,0,0,0
RKH2877,0,0,0,0,0,0,1
RLB1334,0,0,0,0,0,0,0
RLP3268,0,0,0,0,0,0,1
RMD0792,0,0,0,1,0,0,0
ROH1347,0,0,0,1,0,0,0
ROR3483,0,0,0,1,0,1,1
RPB0029,0,0,0,0,0,0,1
RPH2326,0,0,0,1,0,1,0
RPS3617,0,0,0,0,0,1,1
RQN2039,0,0,0,0,0,0,0
RRD2697,0,0,0,1,0,0,0
RRH0638,0,0,0,0,0,0,0
RRS2359,0,0,0,0,0,0,0
RSG0687,0,0,0,0,0,1,0
RSR2681,0,0,0,0,0,0,0
RSS0875,0,0,0,0,0,0,0
RSS3182,0,0,0,0,0,0,0
RSV3166,0,0,0,0,0,0,0
RTN3680,0,0,0,0,0,1,0
RTP0754,0,0,0,0,0,0,1
RTS2009,0,0,0,0,0,1,1
RVB0303,0,0,0,0,0,1,0
RVH0535,0,0,0,0,0,0,0
RVV0317,0,0,0,0,0,1,1
RWS3699,0,0,0,0,0,0,1
SAB0817,0,0,0,0,0,0,0
SAB1954,0,0,0,0,0,1,1
SAD3259,0,0,0,0,0,0,1
SAM3855,0,0,0,1,0,0,1
SAP3390,0,0,0,0,0,0,0
SCE1877,0,0,0,0,0,0,0
SCJ0179,0,0,0,0,0,0,1
SCL2577,0,0,0,0,0,0,1
SCM3407,0,0,0,0,0,0,1
SCM3950,0,0,0,0,0,0,0
SCR2455,0,0,0,0,0,0,0
SDC3561,0,0,0,0,0,0,0
SDH1556,0,0,0,0,0,1,1
SDH2394,0,0,0,1,0,1,1
SEM1862,0,0,0,0,0,0,0
SFM2226,0,0,0,0,0,0,0
SGC2111,0,0,0,0,0,1,0
SHP1418,0,0,0,0,0,1,1
SIS3576,0,0,0,1,0,1,1
SJC3900,0,0,0,0,0,0,0
SJM3805,0,0,0,0,0,0,0
SKB3336,0,0,0,0,0,1,1
SKF2105,0,0,0,0,0,0,1
SKS0339,0,0,0,0,0,0,1
SLC1588,0,0,0,0,0,0,1
SML1923,0,0,0,0,0,1,0
SMR0338,0,0,0,0,0,0,0
SOB0089,0,0,0,0,0,0,1
SOD0442,0,0,0,0,0,1,0
SOM2865,0,0,0,0,0,0,0
SRA3210,0,0,0,0,0,1,0
SRB2276,0,0,0,0,0,1,1
SRB2600,0,0,0,0,0,0,0
SRR2711,0,0,0,0,0,1,1
SSL2271,0,0,0,0,0,1,0
SSS3091,0,0,0,0,0,1,1
SST1661,0,0,0,0,0,1,0
SWO3258,0,0,0,0,0,0,1
TAB1870,0,0,0,0,0,1,0
TAC3330,0,0,0,0,0,0,0
TAJ0193,0,0,0,0,0,1,0
TAM2031,0,0,0,0,0,0,0
TAP0664,0,0,0,0,0,0,1
TBD2008,0,0,0,1,0,1,1
TBL2581,0,0,0,0,0,0,1
TCB0550,0,0,0,0,0,0,0
TCG0016,0,0,0,0,0,0,0
TCH2216,0,0,0,0,0,0,0
TCM2403,0,0,0,0,0,0,0
TDH0989,0,0,0,0,0,0,0
TDJ3138,0,0,0,0,0,0,1
TDK1689,0,0,0,0,0,1,1
TDM3135,0,0,0,0,0,1,1
TDR0111,0,0,0,0,0,0,0
TDV3188,0,0,0,0,0,1,0
TFH0544,0,0,0,1,0,0,0
TGP1343,0,0,0,1,0,0,0
THF2879,0,0,0,0,0,0,1
THH2751,0,0,0,1,0,1,1
TIE1175,0,0,0,0,0,0,0
TJB0540,0,0,0,0,0,0,0
TJD0106,0,0,0,0,0,0,1
TJS3067,0,0,0,0,0,1,1
TKE3293,0,0,0,0,0,1,1
TKM1539,0,0,0,0,0,0,1
TKS1549,0,0,0,0,0,0,1
TKS3035,0,0,0,0,0,0,1
TLK0003,0,0,0,1,0,1,1
TMC3659,0,0,0,0,0,1,1
TNR0319,0,0,0,0,0,0,0
TSD2948,0,0,0,0,0,0,1
TSO3216,0,0,0,0,0,1,1
TTL3088,0,0,0,0,0,1,0
TVC2918,0,0,0,0,0,0,1
TVS0520,0,0,0,1,0,0,0
TWM2199,0,0,0,0,0,1,1
TZM0851,0,0,0,0,0,0,0
TZY3133,0,0,0,0,0,0,1
UCW2995,0,0,0,0,0,0,1
UKC0543,0,0,0,1,0,0,0
UKS1465,0,0,0,0,0,0,0
UMB0055,0,0,0,0,0,1,1
UMF2894,0,0,0,0,0,0,1
UMS0883,0,0,0,0,0,0,0
UOM3363,0,0,0,0,0,0,0
URC3818,0,0,0,0,0,0,0
USF1753,0,0,0,1,0,0,0
UXC1495,0,0,0,0,0,1,1
VAB1526,0,0,0,0,0,1,1
VCV2521,0,0,0,0,0,0,0
VDI1217,0,0,0,0,0,0,1
VDP0790,0,0,0,1,0,0,0
VEW0278,0,0,0,0,0,0,0
VHG3993,0,0,0,0,0,0,0
VJB1928,0,0,0,1,0,0,0
VKM2949,0,0,0,1,0,0,1
VNG0916,0,0,0,0,0,0,1
VPS3185,0,0,0,1,0,0,1
VQS3246,0,0,0,0,0,0,0
VRJ0636,0,0,0,0,0,0,0
VTK2978,0,0,0,0,0,0,1
VYP0637,0,0,0,0,0,0,0
WAC3677,0,0,0,0,0,1,0
WAH2778,0,0,0,0,0,0,1
WAS2214,0,0,0,0,0,1,1
WBH1861,0,0,0,0,0,1,1
WDD2677,0,0,0,1,0,0,0
WDS2197,0,0,0,0,0,0,0
WJM3209,0,0,0,0,0,1,0
WKG0150,0,0,0,0,0,0,0
WMM0873,0,0,0,0,0,0,1
WMR2723,0,0,0,0,0,1,1
WNW2002,0,0,0,0,0,1,0
WOL3226,0,0,0,0,0,1,0
WRF3534,0,0,0,1,0,1,1
WRJ2184,0,0,0,0,0,1,0
WRM0515,0,0,0,0,0,0,0
WRW2331,0,0,0,0,0,1,1
WSA1765,0,0,0,1,0,1,0
WSS0820,0,0,0,0,0,0,1
WTG2109,0,0,0,0,0,1,0
WZR3948,0,0,0,0,0,0,0
XAB0627,0,0,0,0,0,0,0
XAB0936,0,0,0,0,0,0,0
XAL0414,0,0,0,0,0,0,0
XCL1792,0,0,0,1,0,1,1
XGB1528,0,0,0,0,0,0,0
XHR2377,0,0,0,1,0,0,0
XIW0171,0,0,0,1,0,0,0
XPW2833,0,0,0,0,0,1,1
XSF3982,0,0,0,0,0,0,0
XTB2372,0,0,0,0,0,0,1
XUC1092,0,0,0,0,0,0,0
YCL0824,0,0,0,0,0,0,1
YDM1720,0,0,0,1,0,0,0
YHB2355,0,0,0,0,0,0,0
YKW3832,0,0,0,1,0,0,1
YLL0795,0,0,0,0,0,0,0
YNW2855,0,0,0,0,0,0,1
ZCR0558,0,0,0,0,0,1,1
ZDC2523,0,0,0,0,0,0,1
ZHF1006,0,0,0,1,0,0,0
ZNB3313,0,0,0,0,0,0,0
ZRM0694,0,0,0,0,0,1,1
WBM0690,0,0,0,0,0,0,0
SCH3858,0,0,0,0,0,0,0
GIS1668,0,0,0,0,0,0,0
NRN1312,0,0,0,0,0,0,1
KBF2661,0,0,0,0,0,0,0
IJM3356,0,0,0,0,0,0,0
WLG0406,0,0,0,0,0,0,0
AOD2178,0,0,0,0,0,0,0
NPK0369,0,0,0,0,0,0,0
MBL2383,0,0,0,0,0,0,0
LFB1624,0,0,0,0,0,0,0
YHD0593,0,0,0,0,0,0,0
KSD1646,0,0,0,0,0,0,0
ANH2482,0,0,0,0,0,0,0
SAR2066,0,0,0,0,0,0,1
KBK3593,0,0,0,0,0,0,0
AIB1567,0,0,0,0,0,1,0
SLM2404,0,0,0,0,0,0,0
FHM2067,0,0,0,0,0,0,0
VAR3559,0,0,0,0,0,0,0
SSD3197,0,0,0,0,0,0,0
SJN1601,0,0,0,0,0,0,0
NEC2446,0,0,0,0,0,0,0
EHV1237,0,0,0,0,0,0,0
JKD1115,0,0,0,0,0,1,0
JBI0654,0,0,0,0,0,0,0
ATR2560,0,0,0,0,0,0,0
RJP1091,0,0,0,0,0,0,0
USC3486,0,0,0,0,0,0,0
AZB1225,0,0,0,0,0,0,0
MGS2159,0,0,0,0,0,0,0
HJR2127,0,0,0,0,0,0,0
AFP2247,0,0,0,0,0,0,0
ABH2671,0,0,0,0,0,0,0
KKL1310,0,0,0,0,0,0,0
CKH0705,0,0,0,0,0,1,0
MNM2369,0,0,0,0,0,0,1
CRE2652,0,0,0,0,0,0,0
CTD1850,0,0,0,0,0,0,0
VCS1196,0,0,0,0,0,0,0
DSJ1384,0,0,0,0,0,0,0
DSB2463,0,0,0,0,0,0,0
AEG1121,0,0,0,0,0,1,0
KAH2398,0,0,0,0,0,0,0
HPR2023,0,0,0,0,0,0,0
BAB2968,0,0,0,0,0,0,0
FJC2198,0,0,0,0,0,0,0
TCG1262,0,0,0,0,0,0,0
BJR0774,0,0,0,0,0,0,0
THB0987,0,0,0,0,0,0,1
SAB3860,0,0,0,0,0,0,1
KHP1043,0,0,0,0,0,0,0
KRH0589,0,0,0,0,0,0,0
ANK0777,0,0,0,0,0,0,0
IKC1205,0,0,0,0,0,0,1
ZHH3206,0,0,0,0,0,0,0
PSD1409,0,0,0,0,0,1,1
WDH0910,0,0,0,0,0,0,0
BCB0909,0,0,0,0,0,0,0
MZG2261,0,0,0,0,0,0,0
FKJ1521,0,0,0,0,0,0,0
BKC3473,0,0,0,0,0,0,0
DOC1734,0,0,0,0,0,0,0
CAC3741,0,0,0,0,0,0,0
KIG1594,0,0,0,0,0,1,1
ACH1910,0,0,0,0,0,0,1
JRM2358,0,0,0,0,0,0,0
HMS2212,0,0,0,0,0,0,0
CHW2893,0,0,0,0,0,0,0
HTR1551,0,0,0,0,0,0,1
AIB0553,0,0,0,0,0,0,0
JCC1381,0,0,0,0,0,0,0
CID3774,0,0,0,0,0,0,0
FBM3728,0,0,0,0,0,0,0
HNV3655,0,0,0,0,0,0,0
AAC0668,0,0,0,0,0,0,0
SAM2567,0,0,0,0,0,0,0
LYF3449,0,0,0,0,0,0,0
GSC0192,0,0,0,0,0,1,0
AAH0721,0,0,0,0,0,0,0
NHV2004,0,0,0,0,0,0,0
MTB2982,0,0,0,0,0,0,0
JAY3851,0,0,0,0,0,0,1
WKC0573,0,0,0,0,0,0,0
RTD0762,0,0,0,0,0,0,0
LLJ1243,0,0,0,0,0,0,0
ETB0828,0,0,0,0,0,0,0
NCT0983,0,0,0,0,0,0,0
HDP1890,0,0,0,0,0,0,1
LLS0222,0,0,0,0,0,0,0
AVH3584,0,0,0,0,0,1,0
ADM0765,0,0,0,0,0,0,0
TTP2417,0,0,0,0,0,0,0
ATB1273,0,0,0,0,0,0,0
DLC2903,0,0,0,0,0,0,0
MJM3657,0,0,0,0,0,0,0
VKA1118,0,0,0,0,0,1,0
BJW2134,0,0,0,0,0,0,0
SCL0022,0,0,0,0,0,0,0
LAB1297,0,0,0,0,0,0,0
JCP3883,0,0,0,0,0,0,1
AKC1929,0,0,0,0,0,0,0
FCM3792,0,0,0,0,0,0,0
ZSL2618,0,0,0,0,0,0,0
MJW2032,0,0,0,0,0,0,0
BKM1155,0,0,0,0,0,0,0
JLR0632,0,0,0,0,0,1,0
HDG2848,0,0,0,0,0,0,0
SBD1557,0,0,0,0,0,1,0
DGE3194,0,0,0,0,0,0,0
KDT3773,0,0,0,0,0,0,1
LDW0620,0,0,0,0,0,0,0
HIF0482,0,0,0,0,0,0,0
MML2045,0,0,0,0,0,0,0
CND3037,0,0,0,0,0,1,0
RLS1738,0,0,0,0,0,0,0
PEC0475,0,0,0,0,0,0,0
BGW1739,0,0,0,0,0,0,0
FKS0094,0,0,0,0,0,0,0
DWB0865,0,0,0,0,0,0,0
TLC1147,0,0,0,0,0,0,0
SGP1124,0,0,0,0,0,0,0
VCV1353,0,0,0,0,0,0,0
LCB2041,0,0,0,0,0,0,0
KAM0005,0,0,0,0,0,0,0
LEC3857,0,0,0,0,0,0,0
VBA1395,0,0,0,0,0,0,0
RDB1693,0,0,0,0,0,0,0
GCN1743,0,0,0,0,0,0,1
MDP0161,0,0,0,0,0,1,0
ERO2454,0,0,0,0,0,0,0
ZJA2373,0,0,0,0,0,0,0
VJB1699,0,0,0,0,0,0,0
BCH3651,0,0,0,0,0,0,0
KNR3837,0,0,0,0,0,0,0
WDL0140,0,0,0,0,0,0,0
NEW2490,0,0,0,0,0,0,0
AAC3270,0,0,0,0,0,0,0
RNM0466,0,0,0,0,0,1,0
MLF2319,0,0,0,0,0,0,0
MMR1695,0,0,0,0,0,0,1
MTC0855,0,0,0,0,0,0,0
GIT2266,0,0,0,0,0,0,0
GMC1209,0,0,0,0,0,0,0
NMV2556,0,0,0,0,0,0,0
JBC1916,0,0,0,0,0,0,0
FMS3285,0,0,0,0,0,0,0
FDF3743,0,0,0,0,0,0,0
LAS3757,0,0,0,0,0,0,0
HJV1586,0,0,0,0,0,0,0
AAB0398,0,0,0,0,0,0,0
BHD0598,0,0,0,0,0,0,0
JZM1335,0,0,0,0,0,0,0
WAR1374,0,0,0,0,0,0,0
LNV0271,0,0,0,0,0,0,0
BBV3875,0,0,0,0,0,0,0
SKL0739,0,0,0,0,0,0,0
JNR1694,0,0,0,0,0,0,0
FCY1819,0,0,0,0,0,0,0
RRT1417,0,0,0,0,0,0,0
UIM2818,0,0,0,0,0,0,0
AWV0836,0,0,0,0,0,0,0
EUC1051,0,0,0,0,0,1,1
FDT0213,0,0,0,0,0,0,0
LMG1061,0,0,0,0,0,1,0
FAP0199,0,0,0,0,0,1,0
MEV2182,0,0,0,0,0,0,0
ALL0289,0,0,0,0,0,1,0
TBC2256,0,0,0,0,0,1,0
CJS1932,0,0,0,0,0,0,0
PKR1145,0,0,0,0,0,0,1
CFP3418,0,0,0,0,0,0,0
SRC2524,0,0,0,0,0,0,0
DMJ1815,0,0,0,0,0,0,0
KVA2944,0,0,0,0,0,0,0
MMB0185,0,0,0,0,0,0,0
ERC1840,0,0,0,0,0,0,0
RKL2682,0,0,0,0,0,0,0
ACC2773,0,0,0,0,0,0,0
KNS3380,0,0,0,0,0,0,0
ESB2629,0,0,0,0,0,0,0
SLC0017,0,0,0,0,0,0,0
UVN0903,0,0,0,0,0,0,0
HMG0642,0,0,0,0,0,0,0
ASM3771,0,0,0,0,0,0,0
LSC3979,0,0,0,0,0,0,0
WES2531,0,0,0,0,0,0,0
IIB2553,0,0,0,0,0,0,0
RHA3613,0,0,0,0,0,0,0
MKN3375,0,0,0,0,0,0,0
KNM1154,0,0,0,0,0,1,1
TCN1687,0,0,0,0,0,0,0
LXG2919,0,0,0,0,0,0,0
JJC0116,0,0,0,0,0,0,0
BBH3587,0,0,0,0,0,1,0
BJC0366,0,0,0,0,0,0,0
GDF3524,0,0,0,0,0,0,0
LNR0556,0,0,0,0,0,0,0
JMC2911,0,0,0,0,0,0,0
NEB3445,0,0,0,0,0,0,0
HHL2311,0,0,0,0,0,0,0
NJO1460,0,0,0,0,0,0,0
MSB0830,0,0,0,0,0,0,0
AFB1626,0,0,0,0,0,0,0
KVB3830,0,0,0,0,0,0,0
ABP2003,0,0,0,0,0,1,0
WCM3134,0,0,0,0,0,0,0
JCG1982,0,0,0,0,0,0,0
NLC2601,0,0,0,0,0,0,0
CCC0491,0,0,0,0,0,0,0
XEJ0773,0,0,0,0,0,0,0
NLS1866,0,0,0,0,0,0,0
ADM0158,0,0,0,0,0,0,0
FKH0804,0,0,0,0,0,0,0
SBG3983,0,0,0,0,0,0,1
DMB2533,0,0,0,0,0,0,0
DAM2837,0,0,0,0,0,0,0
ISG2025,0,0,0,0,0,0,0
CZT2970,0,0,0,0,0,0,0
SNM1257,0,0,0,0,0,0,0
ACH2102,0,0,0,0,0,0,0
CTW2038,0,0,0,0,0,0,0
MMJ3368,0,0,0,0,0,0,0
TSH3841,0,0,0,0,0,0,0
PLJ3274,0,0,0,0,0,0,0
SER2158,0,0,0,0,0,0,0
KDB0266,0,0,0,0,0,0,0
PTS0531,0,0,0,0,0,0,0
CNF0212,0,0,0,0,0,0,0
SGC1001,0,0,0,0,0,0,0
NBC0607,0,0,0,0,0,0,0
SCM0778,0,0,0,0,0,0,0
LED0656,0,0,0,0,0,0,0
DJF0760,0,0,0,0,0,0,0
BNK0087,0,0,0,0,0,0,0
MJF0334,0,0,0,0,0,0,0
OWL2872,0,0,0,0,0,0,0
OLH3452,0,0,0,0,0,0,0
BLY1039,0,0,0,0,0,0,0
AXL0479,0,0,0,0,0,0,0
MJS1251,0,0,0,0,0,0,0
DMH0011,0,0,0,0,0,1,1
NBH3076,0,0,0,0,0,0,0
APS3701,0,0,0,0,0,0,0
DCM3596,0,0,0,0,0,0,1
SZG0325,0,0,0,0,0,0,0
HKD1826,0,0,0,0,0,0,0
TRS3323,0,0,0,0,0,0,0
HMV2340,0,0,0,0,0,0,0
BDB2163,0,0,0,0,0,0,1
SMH2222,0,0,0,0,0,0,0
CHA3190,0,0,0,0,0,1,1
CDL0867,0,0,0,0,0,0,0
CPP2909,0,0,0,0,0,0,0
HMM2628,0,0,0,0,0,0,1
NHN0711,0,0,0,0,0,0,0
BCM3794,0,0,0,0,0,0,1
WNC0874,0,0,0,0,0,0,0
TAN2642,0,0,0,0,0,0,0
DMS3400,0,0,0,0,0,0,0
ZTB2410,0,0,0,0,0,0,0
HYF1048,0,0,0,0,0,1,0
VCR3103,0,0,0,0,0,0,0
ATF3708,0,0,0,0,0,0,0
YNR2544,0,0,0,0,0,0,0
NCM3725,0,0,0,0,0,0,0
TGC1489,0,0,0,0,0,0,0
XKW2303,0,0,0,0,0,0,0
JLL1813,0,0,0,0,0,0,0
PSS2051,0,0,0,0,0,0,0
QKV2583,0,0,0,0,0,0,0
RBP1171,0,0,0,0,0,0,0
NPS1563,0,0,0,0,0,1,0
VAC3966,0,0,0,0,0,1,1
HYV1658,0,0,0,0,0,0,0
MAC1404,0,0,0,0,0,0,0
BMH0457,0,0,0,0,0,0,0
SFC2336,0,0,0,0,0,0,1
AEP1930,0,0,0,0,0,0,0
TKO0417,0,0,0,0,0,0,0
KGR2815,0,0,0,0,0,0,0
KSN3347,0,0,0,0,0,0,0
QBH3579,0,0,0,0,0,1,0
AIH2535,0,0,0,0,0,0,0
AHM0959,0,0,0,0,0,0,0
JLF3219,0,0,0,0,0,0,0
DSB2734,0,0,0,0,0,1,0
ALN2046,0,0,0,0,0,0,0
CCL1770,0,0,0,0,0,1,0
CFS1611,0,0,0,0,0,0,0
MHS2634,0,0,0,0,0,0,0
YKM3542,0,0,0,0,0,0,1
BWG3220,0,0,0,0,0,0,0
CSM1565,0,0,0,0,0,1,0
DLM2826,0,0,0,0,0,0,0
KOB2624,0,0,0,0,0,0,0
LLG2958,0,0,0,0,0,0,0
BAB0541,0,0,0,0,0,0,0
FGG3666,0,0,0,0,0,1,0
WMM3904,0,0,0,0,0,0,0
JCM1803,0,0,0,0,0,0,0
TLP1231,0,0,0,0,0,0,0
MCS3301,0,0,0,0,0,0,0
MWH0347,0,0,0,0,0,0,0
ZDH2905,0,0,0,0,0,0,0
AKW1679,0,0,0,0,0,0,0
PTR2613,0,0,0,0,0,0,0
BJH3294,0,0,0,0,0,0,0
CMA1475,0,0,0,0,0,0,0
JDH1027,0,0,0,0,0,0,0
JOR2627,0,0,0,0,0,0,0
YCA2885,0,0,0,0,0,0,0
WJC0470,0,0,0,0,0,0,0
KNS0539,0,0,0,0,0,0,0
KNK1428,0,0,0,0,0,0,0
JMH1847,0,0,0,0,0,0,0
MHS1146,0,0,0,0,0,0,0
DMD0486,0,0,0,0,0,0,0
NGS2820,0,0,0,0,0,0,0
BCW3480,0,0,0,0,0,0,0
OEN0432,0,0,0,0,0,1,0
HIS1706,0,0,0,0,0,0,0
MNB3094,0,0,0,0,0,0,0
DKB0260,0,0,0,0,0,1,0
RGB0263,0,0,0,0,0,0,0
CJT1106,0,0,0,0,0,0,0
WMA2016,0,0,0,0,0,1,1
JSG3377,0,0,0,0,0,0,0
ORB2880,0,0,0,0,0,0,0
XAH2479,0,0,0,0,0,0,0
WGF0506,0,0,0,0,0,0,0
OMB3507,0,0,0,0,0,0,0
CKH2797,0,0,0,0,0,0,0
MME3399,0,0,0,0,0,0,0
JOC3621,0,0,0,0,0,0,1
LMW2320,0,0,0,0,0,0,0
BAC3730,0,0,0,0,0,0,0
TJL3603,0,0,0,0,0,0,0
JOW0688,0,0,0,0,0,0,0
AMH3562,0,0,0,0,0,0,0
SBW3023,0,0,0,0,0,0,0
JBD3707,0,0,0,0,0,0,0
IJS1090,0,0,0,0,0,0,0
LAC0994,0,0,0,0,0,0,0
KCC3658,0,0,0,0,0,0,0
SJH0945,0,0,0,0,0,0,0
CDD0127,0,0,0,0,0,0,0
ALH1872,0,0,0,0,0,0,0
VLF1113,0,0,0,0,0,1,1
KZG3565,0,0,0,0,0,0,0
BKF2204,0,0,0,0,0,0,0
BCL2082,0,0,0,0,0,0,0
KMR0373,0,0,0,0,0,0,0
BAL3618,0,0,0,0,0,0,0
IJC1553,0,0,0,0,0,0,0
CQA3849,0,0,0,0,0,0,0
BAW1019,0,0,0,0,0,0,0
LBJ1723,0,0,0,0,0,0,0
KLH0276,0,0,0,0,0,0,0
CHF1005,0,0,0,0,0,0,1
MWK3854,0,0,0,0,0,0,0
AVH2360,0,0,0,0,0,0,0
LRT0447,0,0,0,0,0,0,0
MST2486,0,0,0,0,0,0,0
TDC3116,0,0,0,0,0,0,0
MNW2267,0,0,0,0,0,1,0
MTG0463,0,0,0,0,0,1,0
LGM2170,0,0,0,0,0,0,0
LJM3339,0,0,0,0,0,0,0
JHM0583,0,0,0,0,0,0,0
HAF1891,0,0,0,0,0,0,0
SRS0129,0,0,0,0,0,0,1
JNW2037,0,0,0,0,0,0,0
APH2985,0,0,0,0,0,0,0
DEY2638,0,0,0,0,0,0,0
RBB3867,0,0,0,0,0,0,0
FPL3129,0,0,0,0,0,0,0
PJS2078,0,0,0,0,0,0,0
LMJ1783,0,0,0,0,0,0,0
IOF3298,0,0,0,0,0,0,0
YJD3130,0,0,0,0,0,0,0
UEP2013,0,0,0,0,0,0,0
HNB3661,0,0,0,0,0,1,0
BRC1811,0,0,0,0,0,0,1
JAM1676,0,0,0,0,0,0,0
AID2774,0,0,0,0,0,0,0
HAC1300,0,0,0,0,0,0,0
OUJ2510,0,0,0,0,0,0,0
MDM2496,0,0,0,0,0,0,0
BWK0172,0,0,0,0,0,1,0
AEB1458,0,0,0,0,0,0,0
JCR1536,0,0,0,0,0,0,0
BON0968,0,0,0,0,0,0,0
CGM3124,0,0,0,0,0,0,0
SJB0086,0,0,0,0,0,0,0
CAF3929,0,0,0,0,0,0,0
LBB0453,0,0,0,0,0,0,1
AAP1942,0,0,0,0,0,0,0
MGG1756,0,0,0,0,0,0,0
CAS3022,0,0,0,0,0,0,0
MNN1167,0,0,0,0,0,0,0
AWH2466,0,0,0,0,0,0,0
RDP2116,0,0,0,0,0,0,0
TWK1773,0,0,0,0,0,1,0
KEM2934,0,0,0,0,0,0,0
STR1769,0,0,0,0,0,1,0
TBS3382,0,0,0,0,0,0,0
LCW3879,0,0,0,0,0,0,0
ZIR1732,0,0,0,0,0,0,0
ISH0051,0,0,0,0,0,0,0
GEH0420,0,0,0,0,0,0,0
XKL1317,0,0,0,0,0,0,0
GHM3953,0,0,0,0,0,0,0
SWS0823,0,0,0,0,0,0,0
HIA2415,0,0,0,0,0,1,0
BLN0230,0,0,0,0,0,0,1
NIR3987,0,0,0,0,0,0,1
TSL2699,0,0,0,0,0,0,0
SKA0757,0,0,0,0,0,0,0
CSM1212,0,0,0,0,0,0,0
JLR3930,0,0,0,0,0,0,0
ARB0208,0,0,0,0,0,0,0
LBM0614,0,0,0,0,0,0,1
ATP2680,0,0,0,0,0,0,1
OWD0981,0,0,0,0,0,0,0
JAS0353,0,0,0,0,0,0,0
KSM1772,0,0,0,0,0,1,0
AMO0582,0,0,0,0,0,0,0
ZND2154,0,0,0,0,0,0,0
MUH3099,0,0,0,0,0,0,0
LJH2619,0,0,0,0,0,0,0
VMW1500,0,0,0,0,0,0,0
RHD0787,0,0,0,0,0,0,0
ABB0167,0,0,0,0,0,0,0
CAC1777,0,0,0,0,0,1,0
YYD3518,0,0,0,0,0,0,0
SUG0718,0,0,0,0,0,0,0
SER0621,0,0,0,0,0,0,1
JXP3801,0,0,0,0,0,0,0
SMS1114,0,0,0,0,0,1,0
JBW0109,0,0,0,0,0,1,1
XBL3922,0,0,0,0,0,0,0
GNE1365,0,0,0,0,0,1,1
VSF0004,0,0,0,0,0,0,0
KMS0954,0,0,0,0,0,0,0
GJS0494,0,0,0,0,0,0,0
UMH3826,0,0,0,0,0,0,0
HNG1909,0,0,0,0,0,0,0
IJC3881,0,0,0,0,0,0,0
DBG3320,0,0,0,0,0,0,0
KNB0560,0,0,0,0,0,0,0
MDH3639,0,0,0,0,0,0,0
AGM3504,0,0,0,0,0,0,0
GCS2218,0,0,0,0,0,0,0
KLD2255,0,0,0,0,0,0,0
ZGP2957,0,0,0,0,0,0,0
UMH1532,0,0,0,0,0,0,0
SJW0184,0,0,0,0,0,0,0
BCH1138,0,0,0,0,0,0,0
DTC2566,0,0,0,0,0,0,0
RJM3957,0,0,0,0,0,0,0
ECA1221,0,0,0,0,0,0,0
KBO2485,0,0,0,0,0,0,0
ICB3167,0,0,0,0,0,0,0
MAC2962,0,0,0,0,0,0,0
JNR2260,0,0,0,0,0,0,0
KCR2291,0,0,0,0,0,0,1
BDH0472,0,0,0,0,0,0,0
KDM3923,0,0,0,0,0,0,0
HSH3606,0,0,0,0,0,0,1
BWC2534,0,0,0,0,0,0,0
SCF0330,0,0,0,0,0,0,0
RCM3458,0,0,0,0,0,0,0
OKF2007,0,0,0,0,0,1,0
HJG3868,0,0,0,0,0,0,0
BKR3146,0,0,0,0,0,0,0
LTR1729,0,0,0,0,0,0,0
CRP1186,0,0,0,0,0,0,0
ROH3778,0,0,0,0,0,0,0
HQB3494,0,0,0,0,0,0,0
ABC3523,0,0,0,0,0,0,0
RHG1647,0,0,0,0,0,0,0
CCD3168,0,0,0,0,0,0,0
JJS2973,0,0,0,0,0,0,1
CLC1272,0,0,0,0,0,0,0
CTM1961,0,0,0,0,0,0,0
MLJ1461,0,0,0,0,0,0,0
LRC3160,0,0,0,0,0,0,0
AMA2808,0,0,0,0,0,1,1
BOJ2179,0,0,0,0,0,0,0
GSS0841,0,0,0,0,0,0,0
YMB2953,0,0,0,0,0,0,0
DMG1298,0,0,0,0,0,0,0
JRM1303,0,0,0,0,0,0,0
DAR0709,0,0,0,0,0,1,1
KMD3062,0,0,0,0,0,0,0
ARC1223,0,0,0,0,0,0,0
GCR2597,0,0,0,0,0,0,0
OMB2053,0,0,0,0,0,0,0
TRH1083,0,0,0,0,0,0,1
RGM3111,0,0,0,0,0,0,0
GUC0473,0,0,0,0,0,0,0
SYM2379,0,0,0,0,0,0,0
GGH1726,0,0,0,0,0,0,0
RGB1346,0,0,0,0,0,0,0
XKR2059,0,0,0,0,0,0,0
LPW0767,0,0,0,0,0,0,0
EHB0942,0,0,0,0,0,1,1
AHG3997,0,0,0,0,0,0,0
LBW3159,0,0,0,0,0,0,0
CWH3487,0,0,0,0,0,0,0
AEH0187,0,0,0,0,0,0,1
GSB0666,0,0,0,0,0,0,0
GCP2425,0,0,0,0,0,1,0
DNB1999,0,0,0,0,0,0,0
KTD2249,0,0,0,0,0,0,0
ASP2895,0,0,0,0,0,0,0
IDB1059,0,0,0,0,0,1,0
GKK2422,0,0,0,0,0,0,0
TAP0631,0,0,0,0,0,1,0
SES2670,0,0,0,0,0,1,0
RME0448,0,0,0,0,0,0,0
GBB3816,0,0,0,0,0,0,0
CKL3556,0,0,0,0,0,1,0
CIG3459,0,0,0,0,0,0,0
ASF1136,0,0,0,0,0,0,0
EWA1486,0,0,0,0,0,0,0
TDG2727,0,0,0,0,0,0,0
MDH0211,0,0,0,0,0,0,0
VTB2147,0,0,0,0,0,0,0
CAS0391,0,0,0,0,0,0,0
YAV0093,0,0,0,0,0,0,0
AAV3669,0,0,0,0,0,0,0
EJP2975,0,0,0,0,0,0,1
TTD2873,0,0,0,0,0,0,0
HLZ2414,0,0,0,0,0,0,0
JTC0941,0,0,0,0,0,0,0
MIA0939,0,0,0,0,0,0,0
MVW3821,0,0,0,0,0,0,0
JIR2827,0,0,0,0,0,1,0
DJR2389,0,0,0,0,0,0,0
JSW0872,0,0,0,0,0,0,0
GPD3917,0,0,0,0,0,1,0
ERD1235,0,0,0,0,0,0,0
JSR1085,0,0,0,0,0,0,0
LSN1672,0,0,0,0,0,1,1
AIJ0383,0,0,0,0,0,0,0
JBL2993,0,0,0,0,0,0,0
TNS1233,0,0,0,0,0,0,0
CBB3018,0,0,0,0,0,1,0
DRF1498,0,0,0,0,0,1,1
JFL2674,0,0,0,0,0,0,0
MCN0985,0,0,0,0,0,0,0
CJH0382,0,0,0,0,0,0,0
GLR3888,0,0,0,0,0,0,0
DSB0245,0,0,0,0,0,1,0
BAA2451,0,0,0,0,0,0,0
OGD0015,0,0,0,0,0,0,0
MJK0037,0,0,0,0,0,0,1
MSF3311,0,0,0,0,0,0,0
GOG3939,0,0,0,0,0,0,0
TKK0628,0,0,0,0,0,1,1
PTS2487,0,0,0,0,0,0,1
AIY3991,0,0,0,0,0,0,0
JIN3522,0,0,0,0,0,1,0
BCB2676,0,0,0,0,0,0,0
PMA2693,0,0,0,0,0,0,0
ACN2347,0,0,0,0,0,0,0
IAB3386,0,0,0,0,0,0,0
BKA0175,0,0,0,0,0,0,0
RTA1201,0,0,0,0,0,0,0
DEL0913,0,0,0,0,0,0,0
RAW3461,0,0,0,0,0,0,0
ATR3231,0,0,0,0,0,0,0
ZJS2648,0,0,0,0,0,0,1
KTL3785,0,0,0,0,0,0,0
SKG1731,0,0,0,0,0,0,0
EPW3971,0,0,0,0,0,1,0
NHK2846,0,0,0,0,0,0,1
MGG0080,0,0,0,0,0,0,1
URC2874,0,0,0,0,0,0,1
MDH1924,0,0,0,0,0,0,0
GJG1087,0,0,0,0,0,0,0
KBP2753,0,0,0,0,0,1,0
RDB1645,0,0,0,0,0,0,0
DAH3331,0,0,0,0,0,0,0
MBP1728,0,0,0,0,0,0,0
AHH0495,0,0,0,0,0,0,0
LRF0101,0,0,0,0,0,0,0
RDC0378,0,0,0,0,0,0,0
BKC2698,0,0,0,0,0,0,0
ASD3348,0,0,0,0,0,0,0
MHB0845,0,0,0,0,0,0,0
WCR2136,0,0,0,0,0,0,0
GMY3938,0,0,0,0,0,0,0
KHC2129,0,0,0,0,0,0,0
FZS0969,0,0,0,0,0,0,0
BMN3207,0,0,0,0,0,1,1
DFC2060,0,0,0,0,0,0,1
KOP3802,0,0,0,0,0,0,0
DRF3992,0,0,0,0,0,0,0
IHW2112,0,0,0,0,0,0,0
OJB1538,0,0,0,0,0,0,0
CMA2616,0,0,0,0,0,0,0
IMM2118,0,0,0,0,0,0,0
EPM3878,0,0,0,0,0,0,0
FJA1848,0,0,0,0,0,0,1
ABW0501,0,0,0,0,0,0,0
CBL3631,0,0,0,0,0,1,0
JRJ0919,0,0,0,0,0,0,0
RBH3142,0,0,0,0,0,0,0
JSH1070,0,0,0,0,0,0,0
MBA2092,0,0,0,0,0,0,0
JZM1351,0,0,0,0,0,0,0
SWM0188,0,0,0,0,0,0,0
RNB0519,0,0,0,0,0,0,0
NWO3501,0,0,0,0,0,0,0
ZDC3269,0,0,0,0,0,0,1
BUS2399,0,0,0,0,0,1,0
GCL1782,0,0,0,0,0,0,0
IIW0361,0,0,0,0,0,0,0
LWH0180,0,0,0,0,0,0,0
VJK1327,0,0,0,0,0,0,0
TND0324,0,0,0,0,0,0,0
TCR3994,0,0,0,0,0,0,0
DAH2506,0,0,0,0,0,0,0
JHD2499,0,0,0,0,0,0,0
DRS0032,0,0,0,0,0,0,0
KAG0689,0,0,0,0,0,1,1
ZCS0012,0,0,0,0,0,0,0
CBM0410,0,0,0,0,0,0,1
VNC1607,0,0,0,0,0,0,0
DKE0797,0,0,0,0,0,0,0
BGR1991,0,0,0,0,0,1,0
KDN0264,0,0,0,0,0,0,0
JHB0807,0,0,0,0,0,0,0
CCW3901,0,0,0,0,0,0,0
JIW2086,0,0,0,0,0,0,0
BPR1678,0,0,0,0,0,0,0
WZG3563,0,0,0,0,0,1,0
TPF1663,0,0,0,0,0,0,0
SRH3590,0,0,0,0,0,1,0
FPV3755,0,0,0,0,0,0,0
ABG3605,0,0,0,0,0,0,0
AGS2462,0,0,0,0,0,0,0
CCG3254,0,0,0,0,0,0,0
IAG2742,0,0,0,0,0,1,0
CMM0764,0,0,0,0,0,0,1
NJW2402,0,0,0,0,0,0,1
HBS2551,0,0,0,0,0,1,0
WAH3836,0,0,0,0,0,0,0
DKM2980,0,0,0,0,0,0,0
CAR0928,0,0,0,0,0,0,0
AAM0138,0,0,0,0,0,0,0
ODC0002,0,0,0,0,0,0,0
XFL1583,0,0,0,0,0,0,0
IHB0288,0,0,0,0,0,1,0
KCS3465,0,0,0,0,0,0,0
ABK0481,0,0,0,0,0,0,0
MBH3427,0,0,0,0,0,0,0
CAG3622,0,0,0,0,0,0,0
SBT2585,0,0,0,0,0,0,0
BHM0430,0,0,0,0,0,0,0
BAW0780,0,0,0,0,0,0,1
RKH3803,0,0,0,0,0,0,0
CCB3173,0,0,0,0,0,0,0
GMI1134,0,0,0,0,0,0,1
SGP2174,0,0,0,0,0,0,0
MMJ0070,0,0,0,0,0,1,0
KLL3118,0,0,0,0,0,0,0
TAE1559,0,0,0,0,0,1,0
KJP1326,0,0,0,0,0,0,0
CLS3806,0,0,0,0,0,0,0
JDS0516,0,0,0,0,0,0,0
PWG3063,0,0,0,0,0,0,0
QCB1360,0,0,0,0,0,1,0
MRW3143,0,0,0,0,0,0,0
DFH1681,0,0,0,0,0,0,0
LKS1010,0,0,0,0,0,0,0
RND1473,0,0,0,0,0,0,0
PLM3935,0,0,0,0,0,0,0
TEW0693,0,0,0,0,0,0,0
JHH2770,0,0,0,0,0,0,0
KTR3308,0,0,0,0,0,0,0
TTF2920,0,0,0,0,0,0,0
WBA1786,0,0,0,0,0,1,0
TCB0061,0,0,0,0,0,0,0
TZM0716,0,0,0,0,0,0,0
AAD2188,0,0,0,0,0,0,0
SKB2635,0,0,0,0,0,0,0
SSH1649,0,0,0,0,0,0,0
MCF3187,0,0,0,0,0,0,0
HJB0220,0,0,0,0,0,0,0
BRW0963,0,0,0,0,0,0,0
CRT2273,0,0,0,0,0,0,0
AUG2242,0,0,0,0,0,0,0
BTG3468,0,0,0,0,0,0,0
CDP2892,0,0,0,0,0,0,0
ATR1677,0,0,0,0,0,1,1
IMN1730,0,0,0,0,0,0,0
SEM1983,0,0,0,0,0,0,0
BWA2593,0,0,0,0,0,0,0
WYC2416,0,0,0,0,0,0,0
BMV1886,0,0,0,0,0,0,0
CNR1031,0,0,0,0,0,0,0
KQW0164,0,0,0,0,0,0,0
AMJ3174,0,0,0,0,0,0,0
APM0190,0,0,0,0,0,1,0
PCB1603,0,0,0,0,0,0,0
NSB1016,0,0,0,0,0,0,0
KLG0439,0,0,0,0,0,0,0
ZHM1979,0,0,0,0,0,0,0
BFD1111,0,0,0,0,0,1,0
BGM1226,0,0,0,0,0,0,0
AJO2788,0,0,0,0,0,0,0
CAP1971,0,0,0,0,0,0,0
MJH3822,0,0,0,0,0,0,0
LCC1963,0,0,0,0,0,0,1
JBP0651,0,0,0,0,0,0,0
ZCT1009,0,0,0,0,0,0,0
BAH3684,0,0,0,0,0,0,0
ACW0464,0,0,0,0,0,1,0
INH1250,0,0,0,0,0,0,0
OHC1892,0,0,0,0,0,0,0
SRM1112,0,0,0,0,0,1,0
WJR3544,0,0,0,0,0,0,0
POS0615,0,0,0,0,0,0,1
CKH0799,0,0,0,0,0,0,0
GDS3165,0,0,0,0,0,0,0
SMO0458,0,0,0,0,0,1,0
AFH1757,0,0,0,0,0,0,0
AME1361,0,0,0,0,0,1,0
KDN1740,0,0,0,0,0,0,0
NDH3827,0,0,0,0,0,0,0
SQC2334,0,0,0,0,0,0,0
TGW2782,0,0,0,0,0,0,0
ALP2955,0,0,0,0,0,0,0
GYS2461,0,0,0,0,0,0,0
HBM2126,0,0,0,0,0,0,0
VSC0775,0,0,0,0,0,0,1
SAT3766,0,0,0,0,0,0,0
EQT0195,0,0,0,0,0,0,0
KCR0577,0,0,0,0,0,0,0
LAE1350,0,0,0,0,0,0,0
SSA1793,0,0,0,0,0,1,0
DKR0860,0,0,0,0,0,0,1
SGW0443,0,0,0,0,0,1,0
SRL3525,0,0,0,0,0,0,0
QSB1577,0,0,0,0,0,1,0
HLM1007,0,0,0,0,0,0,0
ALD3508,0,0,0,0,0,0,0
YKW1763,0,0,0,0,0,1,0
MBP1960,0,0,0,0,0,0,0
NSC3036,0,0,0,0,0,1,0
DIR3921,0,0,0,0,0,0,0
IJC2459,0,0,0,0,0,0,0
SLD1639,0,0,0,0,0,0,0
DDS3149,0,0,0,0,0,0,0
VTL0314,0,0,0,0,0,0,0
JSB2942,0,0,0,0,0,0,0
NKV1451,0,0,0,0,0,0,0
VAB1102,0,0,0,0,0,0,0
CTJ0669,0,0,0,0,0,0,0
AAD3030,0,0,0,0,0,0,0
LSM0408,0,0,0,0,0,0,0
JYW1965,0,0,0,0,0,0,0
VKE0655,0,0,0,0,0,0,0
VAD2639,0,0,0,0,0,0,1
JIB1218,0,0,0,0,0,0,0
HJH2588,0,0,0,0,0,0,0
GTG1348,0,0,0,0,0,0,0
QNG2121,0,0,0,0,0,0,0
KAH1820,0,0,0,0,0,0,0
LTO2217,0,0,0,0,0,0,0
AMM3906,0,0,0,0,0,0,0
RKA2561,0,0,0,0,0,0,0
RJG3325,0,0,0,0,0,0,0
IKH3472,0,0,0,0,0,0,0
EKS3724,0,0,0,0,0,1,1
MTN1330,0,0,0,0,0,0,0
ACM0100,0,0,0,0,0,0,0
HTC1750,0,0,0,0,0,0,1
MBB2649,0,0,0,0,0,0,0
IDF0189,0,0,0,0,0,0,1
DER0400,0,0,0,0,0,0,0
CIJ3941,0,0,0,0,0,0,0
KEM0113,0,0,0,0,0,0,0
MCM2375,0,0,0,0,0,0,0
MRH2722,0,0,0,0,0,0,0
VTB0576,0,0,0,0,0,0,0
QJF3038,0,0,0,0,0,1,0
LHG3145,0,0,0,0,0,0,0
RFS2923,0,0,0,0,0,0,0
SBT2281,0,0,0,0,0,0,0
SME0418,0,0,0,0,0,0,0
SRN2617,0,0,0,0,0,0,0
JJH0681,0,0,0,0,0,1,1
BNC3178,0,0,0,0,0,0,0
AUR1359,0,0,0,0,0,1,0
JSJ2743,0,0,0,0,0,1,0
HSK0639,0,0,0,0,0,0,1
WVC3623,0,0,0,0,0,0,1
DNB3545,0,0,0,0,0,0,0
DCC2999,0,0,0,0,0,1,0
TZM0239,0,0,0,0,0,0,0
IOM0542,0,0,0,0,0,0,0
SCR0898,0,0,0,0,0,0,0
PAF1373,0,0,0,0,0,1,0
DBW3679,0,0,0,0,0,1,0
CSR1682,0,0,0,0,0,0,0
ABM3776,0,0,0,0,0,0,0
WMR2625,0,0,0,0,0,0,0
KAB1420,0,0,0,0,0,0,0
DXM2433,0,0,0,0,0,1,0
CAH1839,0,0,0,0,0,0,1
RJH3796,0,0,0,0,0,0,0
CIG2684,0,0,0,0,0,0,0
AHS2348,0,0,0,0,0,0,0
RME2477,0,0,0,0,0,0,0
IBC0377,0,0,0,0,0,0,0
MBS1375,0,0,0,0,0,1,0
PMM0696,0,0,0,0,0,1,0
BRR2899,0,0,0,0,0,0,0
KJC3748,0,0,0,0,0,0,0
JEV3132,0,0,0,0,0,1,1
VCF3273,0,0,0,0,0,0,1
CSR3225,0,0,0,0,0,1,0
BEH2307,0,0,0,0,0,0,0
NAR1527,0,0,0,0,0,0,1
KGN0619,0,0,0,0,0,0,0
MHS1125,0,0,0,0,0,0,0
RRH3057,0,0,0,0,0,1,1
CJY2951,0,0,0,0,0,0,0
JMC2806,0,0,0,0,0,0,0
MRE0567,0,0,0,0,0,1,0
NIM1630,0,0,0,0,0,0,0
AMS0630,0,0,0,0,0,0,0
MNS1394,0,0,0,0,0,0,0
DSF2557,0,0,0,0,0,0,0
SGW0112,0,0,0,0,0,0,0
PDM0304,0,0,0,0,0,0,0
ARW1507,0,0,0,0,0,0,0
BHC2344,0,0,0,0,0,0,0
TJM0328,0,0,0,0,0,0,0
CUL3015,0,0,0,0,0,0,0
BMF2337,0,0,0,0,0,0,0
CED2356,0,0,0,0,0,0,0
GSH1593,0,0,0,0,0,0,0
IAC3581,0,0,0,0,0,1,0
IFS0793,0,0,0,0,0,0,0
JJY3112,0,0,0,0,0,0,0
KNC3843,0,0,0,0,0,0,0
KGS3466,0,0,0,0,0,0,0
SXW0537,0,0,0,0,0,0,0
CMS0010,0,0,0,0,0,0,0
LMZ1501,0,0,0,0,0,0,0
MKH1959,0,0,0,0,0,0,0
KLM0714,0,0,0,0,0,0,0
MVB3343,0,0,0,0,0,0,0
AJH0279,0,0,0,0,0,0,0
KNS2828,0,0,0,0,0,0,0
JAA0897,0,0,0,0,0,0,0
LGS1812,0,0,0,0,0,0,0
LAV1050,0,0,0,0,0,1,0
CAR2900,0,0,0,0,0,0,0
TBB1547,0,0,0,0,0,0,0
JBL3189,0,0,0,0,0,0,0
BRH1107,0,0,0,0,0,0,0
SCP3664,0,0,0,0,0,1,0
QRR1242,0,0,0,0,0,0,0
KRC2935,0,0,0,0,0,0,0
CJC2371,0,0,0,0,0,0,0
JCM1388,0,0,0,0,0,1,0
YJP2791,0,0,0,0,0,0,0
IMM3253,0,0,0,0,0,0,0
SYF1650,0,0,0,0,0,0,0
BBP1093,0,0,0,0,0,0,0
MJR0244,0,0,0,0,0,0,0
CMB3499,0,0,0,0,0,0,0
CJH3136,0,0,0,0,0,0,1
LSL0337,0,0,0,0,0,0,0
TGH3351,0,0,0,0,0,0,1
WKH1787,0,0,0,0,0,1,0
PEV3955,0,0,0,0,0,0,1
AIT1264,0,0,0,0,0,0,0
CAR2748,0,0,0,0,0,0,0
RJH0219,0,0,0,0,0,1,1
ZBH3422,0,0,0,0,0,0,0
INR0927,0,0,0,0,0,0,0
BKM3410,0,0,0,0,0,0,0
GHT3177,0,0,0,0,0,0,0
HHG1038,0,0,0,0,0,0,0
WAJ2412,0,0,0,0,0,0,0
MCR3885,0,0,0,0,0,0,0
MYW0914,0,0,0,0,0,0,0
HFF2540,0,0,0,0,0,0,0
MPY0478,0,0,0,0,0,0,0
NBL0182,0,0,0,0,0,0,0
JCH3456,0,0,0,0,0,0,0
JCC2287,0,0,0,0,0,0,0
PXR3453,0,0,0,0,0,0,0
KNL0918,0,0,0,0,0,0,0
JRR0829,0,0,0,0,0,0,0
KNM1318,0,0,0,0,0,0,0
TPS2595,0,0,0,0,0,0,0
LGM1260,0,0,0,0,0,0,0
TKD2115,0,0,0,0,0,0,0
RCJ0557,0,0,0,0,0,0,0
NLP0155,0,0,0,0,0,0,0
DSB0307,0,0,0,0,0,0,0
XAL2816,0,0,0,0,0,0,0
SGF2611,0,0,0,0,0,0,0
KDM2836,0,0,0,0,0,0,0
MAH0590,0,0,0,0,0,0,0
HES2103,0,0,0,0,0,1,1
CWP1829,0,0,0,0,0,0,0
BTR2026,0,0,0,0,0,0,0
DER2162,0,0,0,0,0,0,0
NGR2884,0,0,0,0,0,0,0
LCH2740,0,0,0,0,0,0,0
NNF3968,0,0,0,0,0,1,0
RHF0046,0,0,0,0,0,1,0
FNR0635,0,0,0,0,0,0,0
LGL2772,0,0,0,0,0,1,0
LRL1316,0,0,0,0,0,0,0
BSM2288,0,0,0,0,0,0,0
DRD0097,0,0,0,0,0,0,0
WKS3265,0,0,0,0,0,0,0
ERG3905,0,0,0,0,0,0,0
RNB2679,0,0,0,0,0,0,0
LJR0253,0,0,0,0,0,0,0
OJM1324,0,0,0,0,0,0,0
GBC0907,0,0,0,0,0,0,1
ADW2832,0,0,0,0,0,0,0
QLW2245,0,0,0,0,0,0,1
CJH2330,0,0,0,0,0,1,1
XRP3102,0,0,0,0,0,0,0
RGB1869,0,0,0,0,0,0,0
MNB2570,0,0,0,0,0,0,0
MTL3695,0,0,0,0,0,0,0
AGL3519,0,0,0,0,0,0,0
MDD1920,0,0,0,0,0,0,0
JSM3334,0,0,0,0,0,0,0
CBJ0683,0,0,0,0,0,1,0
DBC1073,0,0,0,0,0,0,0
MDB0680,0,0,0,0,0,1,0
BBT1948,0,0,0,0,0,1,1
SDB3500,0,0,0,0,0,0,0
IUT3421,0,0,0,0,0,0,0
VBN0984,0,0,0,0,0,1,1
BBH3779,0,0,0,0,0,0,0
JSN1905,0,0,0,0,0,0,0
LOP1055,0,0,0,0,0,1,0
HSH0292,0,0,0,0,0,0,0
ARH1610,0,0,0,0,0,0,0
WAM0069,0,0,0,0,0,0,0
GZM3990,0,0,0,0,0,0,0
MND1058,0,0,0,0,0,1,0
LMJ3535,0,0,0,0,0,0,0
CYO1575,0,0,0,0,0,1,0
LOF3279,0,0,0,0,0,0,0
MRM2906,0,0,0,0,0,0,0
HCB1643,0,0,0,0,0,0,0
YSG1195,0,0,0,0,0,0,0
DYH0315,0,0,0,0,0,0,0
KBB0890,0,0,0,0,0,0,0
JBS1291,0,0,0,0,0,0,0
KCM1858,0,0,0,0,0,1,1
HHS3357,0,0,0,0,0,0,0
DEN0236,0,0,0,0,0,0,0
GCM1580,0,0,0,0,0,0,0
LCT2783,0,0,0,0,0,0,0
DAH3324,0,0,0,0,0,0,0
JRB1080,0,0,0,0,0,0,0
ZMB3686,0,0,0,0,0,0,0
SAB3286,0,0,0,0,0,0,0
QNW0977,0,0,0,0,0,0,0
LOC1446,0,0,0,0,0,0,0
RJB1424,0,0,0,0,0,0,0
GAC2529,0,0,0,0,0,0,0
CDS2792,0,0,0,0,0,0,0
MNW1827,0,0,0,0,0,0,0
XIW2655,0,0,0,0,0,0,0
DSC2208,0,0,0,0,0,0,0
MHA0667,0,0,0,0,0,0,0
MCK0435,0,0,0,0,0,0,1
RTM0849,0,0,0,0,0,0,0
NFP2441,0,0,0,0,0,1,0
KJS1940,0,0,0,0,0,0,1
RCB2645,0,0,0,0,0,0,0
DRH3557,0,0,0,0,0,1,1
OWC2563,0,0,0,0,0,0,0
RDM1174,0,0,0,0,0,0,0
CCE0745,0,0,0,0,0,0,0
LNA2543,0,0,0,0,0,1,0
BLH3602,0,0,0,0,0,0,0
RCH2447,0,0,0,0,0,1,1
IBM1700,0,0,0,0,0,0,0
SAP2173,0,0,0,0,0,0,0
CHB3396,0,0,0,0,0,0,0
GLB0419,0,0,0,0,0,0,0
SJS0323,0,0,0,0,0,0,0
EPH2834,0,0,0,0,0,1,1
JCR3919,0,0,0,0,0,0,0
JDB0738,0,0,0,0,0,0,0
ENH3969,0,0,0,0,0,1,0
NJS2473,0,0,0,0,0,0,0
SLB3039,0,0,0,0,0,1,0
ERF2472,0,0,0,0,0,0,0
ALB2395,0,0,0,0,0,0,0
IDC2568,0,0,0,0,0,0,0
HKM3016,0,0,0,0,0,0,0
JKH3673,0,0,0,0,0,1,0
DOB2696,0,0,0,0,0,0,0
CNP1183,0,0,0,0,0,0,0
CRH3848,0,0,0,0,0,0,0
JPJ0227,0,0,0,0,0,0,0
HBC1540,0,0,0,0,0,0,0
HBS0255,0,0,0,0,0,0,0
YDM3898,0,0,0,0,0,0,1
BJS0053,0,0,0,0,0,0,0
MKR2258,0,0,0,0,0,0,0
BQK2024,0,0,0,0,0,0,0
ETB0950,0,0,0,0,0,0,0
OJG3395,0,0,0,0,0,0,0
TAH0933,0,0,0,0,0,0,0
FVK1623,0,0,0,0,0,0,0
BGB3045,0,0,0,0,0,1,0
BSS2956,0,0,0,0,0,0,0
RJM0343,0,0,0,0,0,0,0
OHD2274,0,0,0,0,0,1,0
LRG3408,0,0,0,0,0,0,0
RJO1791,0,0,0,0,0,0,0
IRO0822,0,0,0,0,0,0,0
THW1425,0,0,0,0,0,0,0
RLH0358,0,0,0,0,0,0,0
GRA0329,0,0,0,0,0,0,0
NBF3844,0,0,0,0,0,1,0
QHF3151,0,0,0,0,0,0,0
LLG2714,0,0,0,0,0,0,0
WEC3721,0,0,0,0,0,0,0
OLA2686,0,0,0,0,0,0,0
CLM1874,0,0,0,0,0,0,0
RJM3227,0,0,0,0,0,0,0
JGR2327,0,0,0,0,0,0,0
CIG1277,0,0,0,0,0,0,0
HZD0429,0,0,0,0,0,0,0
IBW1779,0,0,0,0,0,1,1
CWH3033,0,0,0,0,0,0,0
BGH2610,0,0,0,0,0,0,0
JBB3280,0,0,0,0,0,0,0
GNW3891,0,0,0,0,0,0,0
POD0750,0,0,0,0,0,1,0
SCC0067,0,0,0,0,0,0,0
ESB2888,0,0,0,0,0,0,0
PDC1453,0,0,0,0,0,0,0
PCA3212,0,0,0,0,0,0,0
FAH1851,0,0,0,0,0,0,0
CMM3674,0,0,0,0,0,0,0
XWM0415,0,0,0,0,0,0,0
KMS1530,0,0,0,0,0,0,0
TGA2006,0,0,0,0,0,0,0
NJR1714,0,0,0,0,0,0,0
BBM1701,0,0,0,0,0,0,0
LAO2771,0,0,0,0,0,0,0
WNO1466,0,0,0,0,0,1,1
HVS1143,0,0,0,0,0,0,0
PIP3915,0,0,0,0,0,0,0
IRP3916,0,0,0,0,0,1,1
RMB2275,0,0,0,0,0,0,0
RCW3692,0,0,0,0,0,0,0
XBK2623,0,0,0,0,0,0,0
TMV0868,0,0,0,0,0,0,0
LQW0555,0,0,0,0,0,0,0
SPP2313,0,0,0,0,0,0,0
EKB3828,0,0,0,0,0,0,0
DPC3722,0,0,0,0,0,0,0
EBC3242,0,0,0,0,0,0,0
MDS0285,0,0,0,0,0,0,0
DAF3096,0,0,0,0,0,0,0
HSF1454,0,0,0,0,0,0,0
BHS1917,0,0,0,0,0,0,0
ADM2762,0,0,0,0,0,0,0
KKM0309,0,0,0,0,0,0,0
HUC1396,0,0,0,0,0,0,0
OMM0835,0,0,0,0,0,0,0
CHM2081,0,0,0,0,0,0,0
VKM2376,0,0,0,0,0,0,0
RFB2959,0,0,0,0,0,0,0
NCB2660,0,0,0,0,0,0,0
ARS3506,0,0,0,0,0,0,0
AJN1275,0,0,0,0,0,0,1
MMC0261,0,0,0,0,0,0,0
YCL2166,0,0,0,0,0,0,0
HAR3632,0,0,0,0,0,0,0
TPM3141,0,0,0,0,0,0,0
DLP1445,0,0,0,0,0,0,0
TJL2113,0,0,0,0,0,0,0
SOH3595,0,0,0,0,0,0,0
FDD1052,0,0,0,0,0,1,0
SWR3808,0,0,0,0,0,0,0
RRM2175,0,0,0,0,0,0,0
LPE0270,0,0,0,0,0,0,0
MKC2767,0,0,0,0,0,1,1
CKM0508,0,0,0,0,0,0,0
CIR1367,0,0,0,0,0,1,1
GRM3793,0,0,0,0,0,0,0
AKC3739,0,0,0,0,0,0,0
RKG2587,0,0,0,0,0,0,0
FCS1128,0,0,0,0,0,0,0
KMR2232,0,0,0,0,0,0,0
NJC1951,0,0,0,0,0,0,0
ANC1319,0,0,0,0,0,0,0
BGS0751,0,0,0,0,0,0,0
BGM2545,0,0,0,0,0,1,0
ACL2943,0,0,0,0,0,0,0
EMM3195,0,0,0,0,0,0,0
AGF2302,0,0,0,0,0,0,0
WAL0050,0,0,0,0,0,1,1
UKC1192,0,0,0,0,0,0,0
MXR3432,0,0,0,0,0,0,0
RJB2622,0,0,0,0,0,0,0
SHW3011,0,0,0,0,0,0,0
NMM1844,0,0,0,0,0,0,0
KDT3290,0,0,0,0,0,0,0
PCC0604,0,0,0,0,0,0,0
PJF2579,0,0,0,0,0,0,0
RAS3446,0,0,0,0,0,0,0
LMB1077,0,0,0,0,0,0,0
JBW3852,0,0,0,0,0,0,0
MMR0700,0,0,0,0,0,0,0
INB3109,0,0,0,0,0,0,0
IIG0772,0,0,0,0,0,0,0
VTD1184,0,0,0,0,0,0,0
KJD3392,0,0,0,0,0,0,0
BIT2790,0,0,0,0,0,0,0
HRL2565,0,0,0,0,0,0,0
AGF1810,0,0,0,0,0,0,0
NMC3998,0,0,0,0,0,0,0
VGM2096,0,0,0,0,0,0,0
MDM3580,0,0,0,0,0,1,1
VON3443,0,0,0,0,0,0,0
LEM1913,0,0,0,0,0,0,0
CTH3020,0,0,0,0,0,1,0
EAH3550,0,0,0,0,0,0,0
KLC3364,0,0,0,0,0,0,0
DIP3310,0,0,0,0,0,0,0
LKB2322,0,0,0,0,0,0,0
AAM0729,0,0,0,0,0,0,0
RXG1504,0,0,0,0,0,0,0
SSM3894,0,0,0,0,0,0,0
ZMB3863,0,0,0,0,0,0,0
RJB1151,0,0,0,0,0,0,0
ABE2352,0,0,0,0,0,0,0
KVD2453,0,0,0,0,0,0,0
AJS0616,0,0,0,0,0,0,0
DRB0756,0,0,0,0,0,0,0
TJE1945,0,0,0,0,0,0,0
RAB2739,0,0,0,0,0,1,0
KCS0605,0,0,0,0,0,0,0
WJH0717,0,0,0,0,0,0,0
XFF1302,0,0,0,0,0,0,1
DJH1506,0,0,0,0,0,1,1
RQR3924,0,0,0,0,0,0,0
IWR3469,0,0,0,0,0,0,0
DHS2419,0,0,0,0,0,1,1
IQR2187,0,0,0,0,0,0,0
KAV2926,0,0,0,0,0,0,1
KMB1761,0,0,0,0,0,1,0
RWN1705,0,0,0,0,0,0,1
ACH0008,0,0,0,0,0,0,0
CRL3842,0,0,0,0,0,0,0
CAS1702,0,0,0,0,0,0,0
DBC1152,0,0,0,0,0,0,0
OZH2737,0,0,0,0,0,1,0
GBH1126,0,0,0,0,0,0,0
LAF1796,0,0,0,0,0,0,0
HID1899,0,0,0,0,0,0,1
JTM0878,0,0,0,0,0,0,0
DNH0308,0,0,0,0,0,0,0
CAM2468,0,0,0,0,0,0,0
MAC3214,0,0,0,0,0,1,0
WTF0449,0,0,0,0,0,0,0
DWC2994,0,0,0,0,0,1,0
SJW3131,0,0,0,0,0,1,0
SCC2526,0,0,0,0,0,0,0
HUM2481,0,0,0,0,0,0,0
AVV2056,0,0,0,0,0,0,0
DEF0998,0,0,0,0,0,0,0
SCH1013,0,0,0,0,0,0,0
BNR2527,0,0,0,0,0,0,0
ACM3964,0,0,0,0,0,1,0
CEB3714,0,0,0,0,0,0,0
MBL1247,0,0,0,0,0,0,0
QAS1692,0,0,0,0,0,0,0
CKP0659,0,0,0,0,0,0,0
ADC1469,0,0,0,0,0,0,0
JFR3527,0,0,0,0,0,0,0
IHH2590,0,0,0,0,0,0,0
DAR3637,0,0,0,0,0,0,0
XAR1011,0,0,0,0,0,0,0
HOE0301,0,0,0,0,0,0,0
YSC1691,0,0,0,0,0,0,0
KHC3350,0,0,0,0,0,0,0
HOJ2172,0,0,0,0,0,0,0
RMO2439,0,0,0,0,0,1,0
CAC0147,0,0,0,0,0,0,0
CSS1313,0,0,0,0,0,0,1
DCR1531,0,0,0,0,0,0,0
MJS0832,0,0,0,0,0,0,0
CFR1166,0,0,0,0,0,0,1
NWV0966,0,0,0,0,0,0,0
NCA3027,0,0,0,0,0,0,0
EHW2450,0,0,0,0,0,0,0
DRN0782,0,0,0,0,0,1,0
KCH2475,0,0,0,0,0,0,1
ISB0256,0,0,0,0,0,0,1
ZCE3578,0,0,0,0,0,1,1
TJB2532,0,0,0,0,0,0,0
DCW1901,0,0,0,0,0,0,0
UDB1170,0,0,0,0,0,1,1
CUP2764,0,0,0,0,0,0,0
CIV0935,0,0,0,0,0,0,0
ADH0975,0,0,0,0,0,0,0
JUH3378,0,0,0,0,0,0,0
ARM0076,0,0,0,0,0,0,0
JGN1767,0,0,0,0,0,1,0
AHC3277,0,0,0,0,0,0,0
WGC1081,0,0,0,0,0,0,0
NNB3989,0,0,0,0,0,0,0
LRK2426,0,0,0,0,0,1,0
MDS0759,0,0,0,0,0,0,0
YAS2508,0,0,0,0,0,0,0
GRP1402,0,0,0,0,0,0,0
YCL0650,0,0,0,0,0,0,0
AVH0566,0,0,0,0,0,1,1
RAB0455,0,0,0,0,0,0,0
GUC3945,0,0,0,0,0,0,1
SAC3963,0,0,0,0,0,1,0
NRN2936,0,0,0,0,0,0,0
BMH1069,0,0,0,0,0,0,1
HMC0592,0,0,0,0,0,0,0
JAC2001,0,0,0,0,0,0,0
ADP1625,0,0,0,0,0,0,1
MMR1435,0,0,0,0,0,0,1
AAR0641,0,0,0,0,0,0,0
VWB0990,0,0,0,0,0,0,0
JDB0956,0,0,0,0,0,0,0
GER1997,0,0,0,0,0,1,1
KBV1602,0,0,0,0,0,1,0
BRB2143,0,0,0,0,0,0,0
PSH3834,0,0,0,0,0,0,0
MMR1864,0,0,0,0,0,1,0
RNC3417,0,0,0,0,0,0,0
KWB1967,0,0,0,0,0,0,0
YZC3244,0,0,0,0,0,0,0
JIG1936,0,0,0,0,0,0,0
NIR3139,0,0,0,0,0,0,0
TTR0045,0,0,0,0,0,1,0
JJL1448,0,0,0,0,0,0,0
GKB1150,0,0,0,0,0,0,0
BLL3910,0,0,0,0,0,1,1
PDK3856,0,0,0,0,0,0,0
GNA0183,0,0,0,0,0,0,0
FAW1969,0,0,0,0,0,1,0
WEB3897,0,0,0,0,0,0,0
FAR2869,0,0,0,0,0,0,0
LSM2234,0,0,0,0,0,0,0
SFL0092,0,0,0,0,0,0,0
IMP0960,0,0,0,0,0,0,0
RLK3490,0,0,0,0,0,0,0
JJJ1267,0,0,0,0,0,0,0
CNB1131,0,0,0,0,0,0,1
EKK0503,0,0,0,0,0,0,0
JGM3588,0,0,0,0,0,1,0
BOV1609,0,0,0,0,0,0,1
GFP2144,0,0,0,0,0,0,0
CJM2961,0,0,0,0,0,0,0
QNC3717,0,0,0,0,0,0,0
LIC3646,0,0,0,0,0,0,0
KQD0274,0,0,0,0,0,0,0
AAS3428,0,0,0,0,0,0,1
ISR0021,0,0,0,0,0,0,0
OVM1496,0,0,0,0,0,0,0
HKW2615,0,0,0,0,0,0,0
CCB0547,0,0,0,0,0,0,0
MGM0569,0,0,0,0,0,1,0
CRC0595,0,0,0,0,0,0,0
BDM3662,0,0,0,0,0,1,0
GVC0049,0,0,0,0,0,1,0
CBR0121,0,0,0,0,0,1,0
JEW2035,0,0,0,0,0,0,0
NOD1261,0,0,0,0,0,0,0
CBG2875,0,0,0,0,0,0,0
MRW2504,0,0,0,0,0,0,0
SJG1194,0,0,0,0,0,0,0
IIF2584,0,0,0,0,0,0,0
ARP1144,0,0,0,0,0,0,0
RHM3909,0,0,0,0,0,0,0
UME2842,0,0,0,0,0,0,0
BBB3612,0,0,0,0,0,0,0
CCT0020,0,0,0,0,0,0,0
ACH1405,0,0,0,0,0,0,0
DCC1431,0,0,0,0,0,0,0
CJM3543,0,0,0,0,0,0,1
DHB2364,0,0,0,0,0,0,0
CCM3075,0,0,0,0,0,0,0
JEW2141,0,0,0,0,0,1,1
LFF1887,0,0,0,0,0,0,0
WHW2777,0,0,0,0,0,0,0
AAT2913,0,0,0,0,0,0,0
FKD2779,0,0,0,0,0,0,0
BUW2717,0,0,0,0,0,0,0
PTO1063,0,0,0,0,0,1,0
HHM0869,0,0,0,0,0,0,1
ICH1478,0,0,0,0,0,0,0
JMS0149,0,0,0,0,0,0,0
NHS3981,0,0,0,0,0,0,0
ACW1707,0,0,0,0,0,1,0
WVD0570,0,0,0,0,0,1,0
SKE3262,0,0,0,0,0,0,1
MPG1307,0,0,0,0,0,0,0
REG2171,0,0,0,0,0,0,0
IEG3509,0,0,0,0,0,0,0
NJL0974,0,0,0,0,0,0,0
HEW2164,0,0,0,0,0,0,0
LMD2804,0,0,0,0,0,0,0
CHY0083,0,0,0,0,0,0,0
DKR0027,0,0,0,0,0,0,0
TSS3643,0,0,0,0,0,0,0
HUM0431,0,0,0,0,0,0,0
CWR0117,0,0,0,0,0,0,0
SJL3355,0,0,0,0,0,0,0
BMB0007,0,0,0,0,0,0,0
WAW0422,0,0,0,0,0,0,0
EFJ1685,0,0,0,0,0,0,0
KJR3538,0,0,0,0,0,0,0
PRH1717,0,0,0,0,0,0,0
JDH3762,0,0,0,0,0,0,0
JLM3847,0,0,0,0,0,0,1
APS3553,0,0,0,0,0,0,0
CAG2236,0,0,0,0,0,0,0
JQS2908,0,0,0,0,0,0,0
EJG1655,0,0,0,0,0,0,0
CET3786,0,0,0,0,0,0,0
DDF2937,0,0,0,0,0,0,0
CHU3211,0,0,0,0,0,1,1
NCV0758,0,0,0,0,0,0,0
DAB0166,0,0,0,0,0,0,0
MLM2021,0,0,0,0,0,0,0
ODW2194,0,0,0,0,0,0,0
MFB0040,0,0,0,0,0,0,0
MJD0469,0,0,0,0,0,0,0
ALH1494,0,0,0,0,0,0,0
NBP0217,0,0,0,0,0,1,1
JJM3791,0,0,0,0,0,0,0
XTB3322,0,0,0,0,0,0,0
IQO1690,0,0,0,0,0,0,0
WTG3411,0,0,0,0,0,0,0
IWB3257,0,0,0,0,0,0,0
CDA2295,0,0,0,0,0,0,0
JSB0783,0,0,0,0,0,1,0
COB0461,0,0,0,0,0,1,0
CKG3838,0,0,0,0,0,1,0
SAM3782,0,0,0,0,0,0,0
YQB2309,0,0,0,0,0,0,0
JSH1843,0,0,0,0,0,0,1
KSH0672,0,0,0,0,0,0,0
VCH3696,0,0,0,0,0,0,1
BNR3128,0,0,0,0,0,0,0
JTN2073,0,0,0,0,0,0,1
MCS1078,0,0,0,0,0,0,0
BGK0603,0,0,0,0,0,0,0
NGC1617,0,0,0,0,0,0,0
MHS0125,0,0,0,0,0,0,0
TPM0234,0,0,0,0,0,0,0
JAS1907,0,0,0,0,0,0,0
FAD3114,0,0,0,0,0,0,0
LND2704,0,0,0,0,0,0,0
SSH1845,0,0,0,0,0,0,0
ZCM1781,0,0,0,0,0,0,0
PSG1938,0,0,0,0,0,0,0
SGR1164,0,0,0,0,0,1,0
CLA1285,0,0,0,0,0,0,0
LNK3345,0,0,0,0,0,0,0
ECM3591,0,0,0,0,0,0,0
TJM3340,0,0,0,0,0,0,0
CBW2427,0,0,0,0,0,1,0
DPF3215,0,0,0,0,0,0,0
DTT1716,0,0,0,0,0,0,0
DBR1798,0,0,0,0,0,0,0
JKG0944,0,0,0,0,0,1,1
JHF1356,0,0,0,0,0,0,0
ZAR0404,0,0,0,0,0,0,1
MSM3264,0,0,0,0,0,0,0
ELB0033,0,0,0,0,0,1,1
NMS1493,0,0,0,0,0,0,0
NLN0673,0,0,0,0,0,0,0
SCG2695,0,0,0,0,0,0,0
NHR2050,0,0,0,0,0,0,0
AEF2019,0,0,0,0,0,0,0
WSE1949,0,0,0,0,0,0,0
CCH1508,0,0,0,0,0,0,0
EEH0965,0,0,0,0,0,0,0
JCH1952,0,0,0,0,0,0,0
ALH2916,0,0,0,0,0,0,0
BGH2861,0,0,0,0,0,0,0
EBS2201,0,0,0,0,0,1,0
ARC2809,0,0,0,0,0,0,0
AAS0144,0,0,0,0,0,0,0
DWY3973,0,0,0,0,0,1,0
RCG1241,0,0,0,0,0,0,0
RPL2640,0,0,0,0,0,0,0
KRN2211,0,0,0,0,0,0,0
SVM3947,0,0,0,0,0,0,0
KBW1629,0,0,0,0,0,0,0
GAH1760,0,0,0,0,0,1,0
GJD1141,0,0,0,0,0,0,0
KLZ0507,0,0,0,0,0,0,0
ZAW3833,0,0,0,0,0,0,0
WBC1203,0,0,0,0,0,0,0
ZAF3065,0,0,0,0,0,0,0
GDH0108,0,0,0,0,0,0,0
AYD2775,0,0,0,0,0,0,1
SSF3031,0,0,0,0,0,0,0
NNJ2986,0,0,0,0,0,0,0
YBP3978,0,0,0,0,0,0,0
LOR1044,0,0,0,0,0,0,0
DSD1293,0,0,0,0,0,0,0
RJS0846,0,0,0,0,0,0,0
HDT0242,0,0,0,0,0,0,0
DNB2574,0,0,0,0,0,0,1
TLU1836,0,0,0,0,0,0,0
JKF1825,0,0,0,0,0,0,0
MVA2547,0,0,0,0,0,1,0
MLV3376,0,0,0,0,0,0,0
NHG3810,0,0,0,0,0,0,0
SKK0282,0,0,0,0,0,0,0
SHG1281,0,0,0,0,0,0,0
REB0123,0,0,0,0,0,0,0
GSM0930,0,0,0,0,0,1,0
AKL1305,0,0,0,0,0,0,1
BJA1137,0,0,0,0,0,0,0
BIG3946,0,0,0,0,0,0,0
AGC0445,0,0,0,0,0,1,0
CWF1289,0,0,0,0,0,0,0
RJS3256,0,0,0,0,0,0,0
NDG3403,0,0,0,0,0,0,0
AMD2728,0,0,0,0,0,0,0
CDL2145,0,0,0,0,0,0,0
DRB1780,0,0,0,0,0,1,0
DMM2063,0,0,0,0,0,0,0
SPW0753,0,0,0,0,0,0,0
RMR2694,0,0,0,0,0,0,0
DDC0980,0,0,0,0,0,1,0
AYP3586,0,0,0,0,0,1,0
ICL0565,0,0,0,0,0,1,0
BRM0843,0,0,0,0,0,0,0
KOE0908,0,0,0,0,0,0,0
WCB0801,0,0,0,0,0,0,0
MRB0796,0,0,0,0,0,0,0
CVB2703,0,0,0,0,0,0,0
TBK2860,0,0,0,0,0,0,0
RJW2318,0,0,0,0,0,0,0
IDW1211,0,0,0,0,0,0,0
BZC3956,0,0,0,0,0,0,0
VBP1871,0,0,0,0,0,1,0
ATT0293,0,0,0,0,0,0,1
CSB2910,0,0,0,0,0,0,0
CGB3928,0,0,0,0,0,0,0
RCV1311,0,0,0,0,0,0,0
WBE0967,0,0,0,0,0,0,0
KAC0579,0,0,0,0,0,0,0
OCS1541,0,0,0,0,0,0,0
DSR3787,0,0,0,0,0,0,1
LEP2922,0,0,0,0,0,0,0
CBJ3719,0,0,0,0,0,0,0
BGN3820,0,0,0,0,0,0,0
QLC0082,0,0,0,0,0,0,0
NJP1439,0,0,0,0,0,0,0
LDB3087,0,0,0,0,0,0,0
CBM0060,0,0,0,0,0,0,0
FMN0013,0,0,0,0,0,1,0
GWC0137,0,0,0,0,0,0,0
KTW3547,0,0,0,0,0,0,0
KPP2253,0,0,0,0,0,0,0
RAS0223,0,0,0,0,0,0,0
BXR3536,0,0,0,0,0,0,0
UMM3017,0,0,0,0,0,0,0
NJH0196,0,0,0,0,0,0,0
JDH0295,0,0,0,0,0,0,0
RDE3239,0,0,0,0,0,0,0
ATF3951,0,0,0,0,0,0,0
CLD1641,0,0,0,0,0,0,0
JCC0736,0,0,0,0,0,0,0
SBS1606,0,0,0,0,0,0,0
TBW1393,0,0,0,0,0,0,0
NTH2822,0,0,0,0,0,0,0
UNB3986,0,0,0,0,0,0,0
ADG1430,0,0,0,0,0,0,0
WKT0099,0,0,0,0,0,0,0
AJW1246,0,0,0,0,0,0,0
KDA1452,0,0,0,0,0,0,0
YFT1382,0,0,0,0,0,1,0
LRF1572,0,0,0,0,0,0,1
DZW0126,0,0,0,0,0,0,0
RCW2838,0,0,0,0,0,0,0
GST1100,0,0,0,0,0,0,0
JSC3976,0,0,0,0,0,0,0
QYG1180,0,0,0,0,0,1,0
EKN3760,0,0,0,0,0,0,0
KPN3783,0,0,0,0,0,0,0
RSV2438,0,0,0,0,0,1,0
SLB2519,0,0,0,0,0,0,0
ACA0360,0,0,0,0,0,0,0
AVP3044,0,0,0,0,0,1,0
AAS2987,0,0,0,0,0,0,0
QGS3009,0,0,0,0,0,0,0
BMC3061,0,0,0,0,0,0,0
MOB1914,0,0,0,0,0,0,0
CMW0437,0,0,0,0,0,0,0
SAP1888,0,0,0,0,0,0,0
JTJ0597,0,0,0,0,0,0,1
MRS1520,0,0,0,0,0,0,0
BDW1459,0,0,0,0,0,0,0
NKM2195,0,0,0,0,0,0,0
JPH1129,0,0,0,0,0,0,0
JLF3346,0,0,0,0,0,0,0
CBM1814,0,0,0,0,0,0,0
GNH1735,0,0,0,0,0,0,0
BCH1656,0,0,0,0,0,0,0
CNW2408,0,0,0,0,0,0,0
HLD1109,0,0,0,0,0,1,0
OTD1228,0,0,0,0,0,0,0
NLN0513,0,0,0,0,0,0,0
SVA1742,0,0,0,0,0,0,0
JAB2131,0,0,0,0,0,0,0
KMW0259,0,0,0,0,0,0,0
GEB3079,0,0,0,0,0,0,0
KKB2094,0,0,0,0,0,0,0
QSG3297,0,0,0,0,0,0,0
CKR2586,0,0,0,0,0,0,0
LCS3042,0,0,0,0,0,1,0
CKC3072,0,0,0,0,0,0,0
LTF3385,0,0,0,0,0,0,0
WXH2289,0,0,0,0,0,0,0
SCH3716,0,0,0,0,0,0,0
BCB2072,0,0,0,0,0,0,0
JJB0042,0,0,0,0,0,1,0
MSB2786,0,0,0,0,0,0,0
GYM1926,0,0,0,0,0,0,0
LRW1502,0,0,0,0,0,0,0
JTV1040,0,0,0,0,0,0,0
KBC0578,0,0,0,0,0,0,0
NDK3436,0,0,0,0,0,0,1
FFP2270,0,0,0,0,0,0,1
JDH1550,0,0,0,0,0,0,0
DJP2420,0,0,0,0,0,0,0
GTH3729,0,0,0,0,0,0,0
AZA1012,0,0,0,0,0,0,0
WFH2830,0,0,0,0,0,0,0
KSO2224,0,0,0,0,0,0,1
DLR1423,0,0,0,0,0,0,0
MRE3723,0,0,0,0,0,0,0
CJW0376,0,0,0,0,0,0,0
BXK2091,0,0,0,0,0,0,0
OAG1468,0,0,0,0,0,0,0
JBW2054,0,0,0,0,0,0,0
UYW1162,0,0,0,0,0,0,0
LLG1238,0,0,0,0,0,0,0
CCG1025,0,0,0,0,0,0,0
RCD2501,0,0,0,0,0,0,0
AIL2511,0,0,0,0,0,0,0
ASH0142,0,0,0,0,0,0,0
NJM3961,0,0,0,0,0,1,0
JJH1818,0,0,0,0,0,0,0
CHV0509,0,0,0,0,0,0,0
OUH0741,0,0,0,0,0,0,0
IAR1895,0,0,0,0,0,0,0
SHM2429,0,0,0,0,0,1,0
TEC3006,0,0,0,0,0,0,0
CCH1724,0,0,0,0,0,0,0
DCM3288,0,0,0,0,0,0,0
FCK3307,0,0,0,0,0,0,0
DMS1977,0,0,0,0,0,0,0
JDR0436,0,0,0,0,0,0,0
WNR0091,0,0,0,0,0,0,0
XAB3746,0,0,0,0,0,0,0
BMA1411,0,0,0,0,0,0,0
LCG0784,0,0,0,0,0,0,0
RAA0675,0,0,0,0,0,0,0
BJM2491,0,0,0,0,0,0,0
ARB2515,0,0,0,0,0,0,0
LJE2413,0,0,0,0,0,0,1
EHD0024,0,0,0,0,0,0,0
CDW2000,0,0,0,0,0,1,0
GAP0715,0,0,0,0,0,1,0
TAM3048,0,0,0,0,0,1,1
YDM2537,0,0,0,0,0,0,0
BSS3551,0,0,0,0,0,0,0
SIP2907,0,0,0,0,0,0,0
MDG0657,0,0,0,0,0,0,0
LKH2512,0,0,0,0,0,0,0
LJC3980,0,0,0,0,0,0,0
HHK0652,0,0,0,0,0,0,0
TFB1229,0,0,0,0,0,0,0
BBC3733,0,0,0,0,0,0,0
DJB2983,0,0,0,0,0,0,0
FNM1482,0,0,0,0,0,0,0
BHB2598,0,0,0,0,0,0,0
JRR0459,0,0,0,0,0,1,0
MLW0296,0,0,0,0,0,0,0
RLH1548,0,0,0,0,0,0,0
NUK1513,0,0,0,0,0,0,0
DIA0731,0,0,0,0,0,0,0
RAC0362,0,0,0,0,0,0,0
RIE2876,0,0,0,0,0,0,0
DAR0388,0,0,0,0,0,1,0
RSG2931,0,0,0,0,0,0,0
MKO0749,0,0,0,0,0,0,0
SDM2550,0,0,0,0,0,1,0
LNP3092,0,0,0,0,0,0,0
PSC1608,0,0,0,0,0,0,0
CNT0946,0,0,0,0,0,1,0
DWF2268,0,0,0,0,0,0,0
BYL2133,0,0,0,0,0,0,0
MNC3485,0,0,0,0,0,0,0
HDK0634,0,0,0,0,0,0,0
CAG3049,0,0,0,0,0,1,0
ALS2669,0,0,0,0,0,0,0
JBM3933,0,0,0,0,0,0,0
LRS1165,0,0,0,0,0,0,0
WJW3627,0,0,0,0,0,0,0
CIS3505,0,0,0,0,0,0,0
JCJ2572,0,0,0,0,0,0,0
LNB2991,0,0,0,0,0,0,0
KCR0468,0,0,0,0,0,0,0
GKL1516,0,0,0,0,0,0,0
REC2555,0,0,0,0,0,0,0
JLC0216,0,0,0,0,0,1,1
FGH1958,0,0,0,0,0,0,0
AAB0162,0,0,0,0,0,1,0
ROS2030,0,0,0,0,0,0,0
HRF2044,0,0,0,0,0,0,0
LRU3765,0,0,0,0,0,0,0
KCC2434,0,0,0,0,0,1,0
GAW0808,0,0,0,0,0,0,0
ASS0280,0,0,0,0,0,0,0
KDR3234,0,0,0,0,0,1,1
JLW2924,0,0,0,0,0,0,0
CAG0502,0,0,0,0,0,0,0
WBL2852,0,0,0,0,0,0,0
RMC2177,0,0,0,0,0,0,0
SBO3115,0,0,0,0,0,0,0
TAP1086,0,0,0,0,0,0,0
VKT2228,0,0,0,0,0,0,0
NDS1897,0,0,0,0,0,0,0
NGA0929,0,0,0,0,0,0,0
JMF3362,0,0,0,0,0,0,0
RJS3479,0,0,0,0,0,0,0
LBF1992,0,0,0,0,0,0,0
SEM2492,0,0,0,0,0,0,0
DHC1989,0,0,0,0,0,1,0
FGS3275,0,0,0,0,0,0,0
EDP1880,0,0,0,0,0,0,0
ACA3252,0,0,0,0,0,0,0
NPR1612,0,0,0,0,0,0,0
HSP1675,0,0,0,0,0,0,0
SHB2106,0,0,0,0,0,0,0
VJM2715,0,0,0,0,0,0,0
SOK1299,0,0,0,0,0,0,0
JKC3349,0,0,0,0,0,0,0
JSO3292,0,0,0,0,0,0,0
ZSW2155,0,0,0,0,0,0,0
LCM1480,0,0,0,0,0,0,0
NSC0237,0,0,0,0,0,0,0
STJ2043,0,0,0,0,0,0,0
ANM0564,0,0,0,0,0,1,0
AAG3799,0,0,0,0,0,0,0
KIC2314,0,0,0,0,0,0,0
SBK3515,0,0,0,0,0,0,0
CEM1852,0,0,0,0,0,0,0
SWG1391,0,0,0,0,0,0,0
IAM3078,0,0,0,0,0,0,1
NDA0536,0,0,0,0,0,0,0
GGB3663,0,0,0,0,0,1,0
OJB1095,0,0,0,0,0,0,0
MBR3261,0,0,0,0,0,0,0
JUM0102,0,0,0,0,0,0,0
BJR0940,0,0,0,0,0,0,0
MBN3610,0,0,0,0,0,0,1
RAH2750,0,0,0,0,0,1,0
QSM3147,0,0,0,0,0,0,0
SHP1713,0,0,0,0,0,0,0
PGS3797,0,0,0,0,0,0,0
PPT3162,0,0,0,0,0,0,0
CXK3433,0,0,0,0,0,0,0
SJG1510,0,0,0,0,0,0,0
TBM0932,0,0,0,0,0,0,0
WLL1133,0,0,0,0,0,0,0
AJS3899,0,0,0,0,0,0,0
DDG1822,0,0,0,0,0,0,0
RML2759,0,0,0,0,0,1,0
ARL2672,0,0,0,0,0,0,0
ARB3934,0,0,0,0,0,0,0
EDJ1970,0,0,0,0,0,0,1
JNG1998,0,0,0,0,0,0,0
TZG2263,0,0,0,0,0,0,0
TPM0039,0,0,0,0,0,0,0
WBS3870,0,0,0,0,0,1,0
YDE3069,0,0,0,0,0,0,0
GMB3703,0,0,0,0,0,0,1
DRW1207,0,0,0,0,0,0,0
SLV2969,0,0,0,0,0,0,0
DHR2541,0,0,0,0,0,1,0
DJF2576,0,0,0,0,0,0,0
IOR0152,0,0,0,0,0,0,0
DCG2203,0,0,0,0,0,0,0
APP1054,0,0,0,0,0,1,0
DBS1363,0,0,0,0,0,1,0
ASD0993,0,0,0,0,0,1,0
GOR0861,0,0,0,0,0,0,0
CTJ2794,0,0,0,0,0,1,0
HAH3895,0,0,0,0,0,0,0
ALS3440,0,0,0,0,0,0,1
GLF0226,0,0,0,0,0,0,0
VJM1336,0,0,0,0,0,0,0
MLV0088,0,0,0,0,0,0,0
DAM3691,0,0,0,0,0,0,0
AGS0063,0,0,0,0,0,0,0
ABG2353,0,0,0,0,0,0,0
HAM2252,0,0,0,0,0,0,0
MCY0601,0,0,0,0,0,0,0
IPK2575,0,0,0,0,0,0,1
SDE2662,0,0,0,0,0,0,0
HLO2756,0,0,0,0,0,1,1
CBJ2083,0,0,0,0,0,0,0
DRB0202,0,0,0,0,0,1,1
RKE1589,0,0,0,0,0,0,0
KLM2448,0,0,0,0,0,0,0
RKJ3379,0,0,0,0,0,0,0
KUS2137,0,0,0,0,0,0,0
CPT1533,0,0,0,0,0,0,0
WAA2573,0,0,0,0,0,0,0
NBR1873,0,0,0,0,0,0,0
CBR2229,0,0,0,0,0,0,0
VEB3671,0,0,0,0,0,1,1
CGG2688,0,0,0,0,0,0,0
BRG3113,0,0,0,0,0,0,0
NAK2784,0,0,0,0,0,0,0
DRJ0794,0,0,0,0,0,0,0
CBG1142,0,0,0,0,0,0,0
JMM0848,0,0,0,0,0,1,1
BGA0892,0,0,0,0,0,0,0
KCO1253,0,0,0,0,0,0,1
KCT3965,0,0,0,0,0,1,0
KDT1190,0,0,0,0,0,0,0
OXS0363,0,0,0,0,0,0,0
USD0600,0,0,0,0,0,0,0
LAW1407,0,0,0,0,0,0,0
MMD2022,0,0,0,0,0,0,0
TMB1474,0,0,0,0,0,0,0
JEH2847,0,0,0,0,0,0,0
EKC3706,0,0,0,0,0,0,0
VSJ2569,0,0,0,0,0,0,0
HMM2841,0,0,0,0,0,0,0
TJP2817,0,0,0,0,0,1,0
JMG3704,0,0,0,0,0,0,0
CDM1097,0,0,0,0,0,0,0
RHR2835,0,0,0,0,0,1,1
RDW0957,0,0,0,0,0,0,0
BNC1497,0,0,0,0,0,0,0
GLC3495,0,0,0,0,0,0,0
DWK2099,0,0,0,0,0,0,0
REK1037,0,0,0,0,0,0,0
CWR0043,0,0,0,0,0,1,0
KAA2259,0,0,0,0,0,0,0
CZB3718,0,0,0,0,0,0,0
AIA2005,0,0,0,0,0,0,0
GLG1573,0,0,0,0,0,0,0
LGF1503,0,0,0,0,0,0,0
IIW0036,0,0,0,0,0,0,0
HAP3738,0,0,0,0,0,1,1
EMO0159,0,0,0,0,0,0,0
CBD3251,0,0,0,0,0,0,0
PEB3161,0,0,0,0,0,0,0
KRL0467,0,0,0,0,0,1,0
RSA2941,0,0,0,0,0,0,0
JMR3367,0,0,0,0,0,0,0
MNP0290,0,0,0,0,0,0,0
LQC3780,0,0,0,0,0,0,0
AOP1542,0,0,0,0,0,0,0
MCO3164,0,0,0,0,0,0,0
MSW0973,0,0,0,0,0,0,0
HLM1564,0,0,0,0,0,1,0
NAH3759,0,0,0,0,0,0,0
ESN2683,0,0,0,0,0,0,0
KPS3882,0,0,0,0,0,1,1
PIG2047,0,0,0,0,0,0,0
AJM0243,0,0,0,0,0,0,0
BRN3289,0,0,0,0,0,0,0
BCS2912,0,0,0,0,0,0,0
MFW0646,0,0,0,0,0,0,0
SAL2493,0,0,0,0,0,0,0
CWL0561,0,0,0,0,0,1,0
PMG0284,0,0,0,0,0,0,0
HDC0789,0,0,0,0,0,0,0
KRB3120,0,0,0,0,0,0,0
SDW0370,0,0,0,0,0,1,0
MVO2746,0,0,0,0,0,0,0
SNV2423,0,0,0,0,0,0,0
LLB3769,0,0,0,0,0,0,0
NCS0425,0,0,0,0,0,0,0
QIC1832,0,0,0,0,0,0,0
RCH3740,0,0,0,0,0,0,0
YSH0145,0,0,0,0,0,0,0
HBM0676,0,0,0,0,0,0,0
WBS1592,0,0,0,0,0,0,0
DTW1276,0,0,0,0,0,0,0
MDP1412,0,0,0,0,0,0,0
ABH1181,0,0,0,0,0,0,0
AVC2328,0,0,0,0,0,0,0
RIS2436,0,0,0,0,0,1,0
AYS0110,0,0,0,0,0,0,0
WXM3698,0,0,0,0,0,0,0
ARG0441,0,0,0,0,0,1,0
KTL2843,0,0,0,0,0,0,0
ANB0938,0,0,0,0,0,0,0
BTB0489,0,0,0,0,0,0,0
GRL3110,0,0,0,0,0,0,0
KMB3003,0,0,0,0,0,0,0
CBM2858,0,0,0,0,0,0,0
RAF3369,0,0,0,0,0,0,0
CQH1505,0,0,0,0,0,0,0
KZK2058,0,0,0,0,0,0,0
SVM0770,0,0,0,0,0,0,0
BOR2387,0,0,0,0,0,0,1
ZOO1613,0,0,0,0,0,0,0
AZG2343,0,0,0,0,0,0,0
BTV0644,0,0,0,0,0,0,0
KGD3278,0,0,0,0,0,0,0
CKB3745,0,0,0,0,0,0,0
DMA3455,0,0,0,0,0,0,0
LKF0335,0,0,0,0,0,0,0
CFR1523,0,0,0,0,0,0,0
BRJ2151,0,0,0,0,0,0,0
PLT3283,0,0,0,0,0,0,0
RGB0901,0,0,0,0,0,0,0
SMG1794,0,0,0,0,0,0,0
AHK1988,0,0,0,0,0,0,0
SNC1837,0,0,0,0,0,0,0
DCB3597,0,0,0,0,0,0,0
BWJ0136,0,0,0,0,0,0,1
IWW3319,0,0,0,0,0,0,0
TCP2520,0,0,0,0,0,0,0
CDB2947,0,0,0,0,0,0,0
JFB2168,0,0,0,0,0,0,0
WIB3670,0,0,0,0,0,0,0
ZHB1392,0,0,0,0,0,0,0
TDW1746,0,0,0,0,0,0,0
IIW1595,0,0,0,0,0,0,0
DSN3186,0,0,0,0,0,0,0
MCQ1546,0,0,0,0,0,0,0
JFO2840,0,0,0,0,0,1,1
CDS3824,0,0,0,0,0,0,0
RKW1754,0,0,0,0,0,0,0
WJH3158,0,0,0,0,0,0,0
SIM3373,0,0,0,0,0,0,0
RPW0026,0,0,0,0,0,0,0
DBL2605,0,0,0,0,0,0,0
THC2752,0,0,0,0,0,1,0
AAG1447,0,0,0,0,0,0,0
GLM3106,0,0,0,0,0,0,0
JCS0380,0,0,0,0,0,0,0
APD0381,0,0,0,0,0,0,0
RKH1801,0,0,0,0,0,0,0
ECA0976,0,0,0,0,0,0,0
JON0788,0,0,0,0,0,0,0
JAO3463,0,0,0,0,0,0,0
ING2221,0,0,0,0,0,0,0
JJB2367,0,0,0,0,0,0,0
PHA0726,0,0,0,0,0,0,0
ZVS1637,0,0,0,0,0,0,0
RJA0402,0,0,0,0,0,0,1
WOV3040,0,0,0,0,0,1,1
VWV1249,0,0,0,0,0,0,0
HMT1024,0,0,0,0,0,0,0
VMN0743,0,0,0,0,0,1,0
MSH2210,0,0,0,0,0,0,0
AGM0133,0,0,0,0,0,0,0
SLS2992,0,0,0,0,0,0,0
AME0732,0,0,0,0,0,0,0
ADS0763,0,0,0,0,0,0,0
PEV3531,0,0,0,0,0,0,0
BBH1056,0,0,0,0,0,1,0
DCC3689,0,0,0,0,0,0,0
SBH3683,0,0,0,0,0,0,0
MNV0618,0,0,0,0,0,0,0
CHH2272,0,0,0,0,0,0,0
JJB3398,0,0,0,0,0,0,0
NHR1220,0,0,0,0,0,0,0
LMA3676,0,0,0,0,0,1,0
YJR1149,0,0,0,0,0,0,0
LBR1387,0,0,0,0,0,0,0
CAP2283,0,0,0,0,0,0,0
CIS3471,0,0,0,0,0,0,0
DAS1955,0,0,0,0,0,0,0
STC3053,0,0,0,0,0,1,0
NEE1632,0,0,0,0,0,0,0
AHP0154,0,0,0,0,0,0,0
GKW2306,0,0,0,0,0,0,0
SLH0900,0,0,0,0,0,0,0
NKN3153,0,0,0,0,0,0,0
AHC0232,0,0,0,0,0,0,0
MWH1018,0,0,0,0,0,0,0
JRB0025,0,0,0,0,0,0,0
EAM3642,0,0,0,0,0,0,0
ZKR1397,0,0,0,0,0,0,0
IPS0385,0,0,0,0,0,0,0
CAO3117,0,0,0,0,0,0,0
CSC0233,0,0,0,0,0,0,0
MDE2114,0,0,0,0,0,1,1
DBV2736,0,0,0,0,0,1,0
EVO1522,0,0,0,0,0,0,0
BDU0497,0,0,0,0,0,0,0
MHR0581,0,0,0,0,0,0,0
KMW1008,0,0,0,0,0,0,1
KNW1321,0,0,0,0,0,0,0
VND1667,0,0,0,0,0,0,0
RIB1582,0,0,0,0,0,1,0
GCJ0831,0,0,0,0,0,0,0
AHH1966,0,0,0,0,0,0,0
SIP2293,0,0,0,0,0,0,0
SWE1349,0,0,0,0,0,0,0
GKG2763,0,0,0,0,0,0,0
ATH0720,0,0,0,0,0,0,0
JGR3488,0,0,0,0,0,0,0
MCT0424,0,0,0,0,0,0,0
SLL0504,0,0,0,0,0,0,0
FCE0695,0,0,0,0,0,0,0
SCP1116,0,0,0,0,0,1,0
SHH0970,0,0,0,0,0,0,0
WGD3156,0,0,0,0,0,0,0
NJM0173,0,0,0,0,0,1,1
PEB3768,0,0,0,0,0,0,0
JCC0571,0,0,0,0,0,0,0
ACW0426,0,0,0,0,0,0,0
BRC3949,0,0,0,0,0,0,0
CWK2870,0,0,0,0,0,0,0
HAR1101,0,0,0,0,0,0,0
GND1618,0,0,0,0,0,0,0
HLS2733,0,0,0,0,0,0,0
KGB0500,0,0,0,0,0,0,0
WHL3282,0,0,0,0,0,0,0
HKR2901,0,0,0,0,0,0,0
DJS1271,0,0,0,0,0,0,0
MAM2630,0,0,0,0,0,0,0
MMM2156,0,0,0,0,0,0,0
CRP1915,0,0,0,0,0,0,0
JNC2650,0,0,0,0,0,0,0
ASK0599,0,0,0,0,0,0,0
KNH1985,0,0,0,0,0,0,0
JDM0165,0,0,0,0,0,0,0
KZM2602,0,0,0,0,0,0,0
DLM0608,0,0,0,0,0,0,0
SAR1883,0,0,0,0,0,0,0
MAY0978,0,0,0,0,0,0,0
RDF1248,0,0,0,0,0,0,0
MBH0476,0,0,0,0,0,0,0
CHB3647,0,0,0,0,0,0,0
ASS0120,0,0,0,0,0,1,0
GAB3758,0,0,0,0,0,0,1
XJB0548,0,0,0,0,0,0,0
MSR2850,0,0,0,0,0,0,1
GDM3835,0,0,0,0,0,0,0
FBY1064,0,0,0,0,0,0,0
MLS2856,0,0,0,0,0,0,0
YBJ0071,0,0,0,0,0,0,0
DLW2729,0,0,0,0,0,0,0
CDB3222,0,0,0,0,0,0,0
WPJ1400,0,0,0,0,0,0,0
BHC2049,0,0,0,0,0,0,0
TQR3104,0,0,0,0,0,0,0
GOM0090,0,0,0,0,0,0,0
NSE3944,0,0,0,0,0,0,0
AJB1380,0,0,0,0,0,1,0
LMH2801,0,0,0,0,0,0,0
JTH0719,0,0,0,0,0,0,0
ACG0312,0,0,0,0,0,0,0
MFL0355,0,0,0,0,0,0,0
NEA3248,0,0,0,0,0,0,0
WRM2803,0,0,0,0,0,1,0
MSH1269,0,0,0,0,0,0,0
ACR0331,0,0,0,0,0,0,0
GCH0735,0,0,0,0,0,0,0
PHO1937,0,0,0,0,0,1,0
WHH2938,0,0,0,0,0,0,0
KKS3790,0,0,0,0,0,0,0
BHG0258,0,0,0,0,0,0,0
KAP2430,0,0,0,0,0,1,0
VKM1515,0,0,0,0,0,1,0
GDH3546,0,0,0,0,0,0,0
CMM1068,0,0,0,0,0,0,0
ROR3967,0,0,0,0,0,1,0
JFG1049,0,0,0,0,0,1,0
HCR3675,0,0,0,0,0,0,0
NRK3448,0,0,0,0,0,0,1
MCW3493,0,0,0,0,0,0,0
BKR3302,0,0,0,0,0,0,0
PNL0018,0,0,0,0,0,0,0
CNC1177,0,0,0,0,0,0,0
LAH0524,0,0,0,0,0,0,0
EGB3624,0,0,0,0,0,0,0
KSF0134,0,0,0,0,0,0,0
NSC1741,0,0,0,0,0,0,0
SIW2528,0,0,0,0,0,0,0
ILH0248,0,0,0,0,0,0,0
MTW3317,0,0,0,0,0,0,0
DKP0671,0,0,0,0,0,0,0
KAC2449,0,0,0,0,0,0,0
PAM0505,0,0,0,0,0,0,0
KEW2795,0,0,0,0,0,0,0
CAF1331,0,0,0,0,0,0,0
UWB0395,0,0,0,0,0,0,0
TWF1072,0,0,0,0,0,0,0
FBD2277,0,0,0,0,0,0,0
ZAC1838,0,0,0,0,0,0,0
JKG3329,0,0,0,0,0,0,0
SCH3567,0,0,0,0,0,0,0
RCF0044,0,0,0,0,0,1,1
KMC2028,0,0,0,0,0,0,0
OHM1030,0,0,0,0,0,0,0
AGG3958,0,0,0,0,0,1,0
WMR2685,0,0,0,0,0,1,1
EVF1722,0,0,0,0,0,0,0
CGT3148,0,0,0,0,0,0,0
HBB1759,0,0,0,0,0,1,0
EID1076,0,0,0,0,0,0,0
DAD2620,0,0,0,0,0,0,0
BCB0521,0,0,0,0,0,0,1
LKS1416,0,0,0,0,0,1,0
BSV1499,0,0,0,0,0,0,0
ASS2760,0,0,0,0,0,0,0
TPG2392,0,0,0,0,0,0,0
MMH2878,0,0,0,0,0,0,0
IYM3865,0,0,0,0,0,0,0
KOE1033,0,0,0,0,0,0,0
FQL3629,0,0,0,0,0,0,0
GAB1885,0,0,0,0,0,0,0
BXW1804,0,0,0,0,0,0,0
MWO0559,0,0,0,0,0,0,0
NNP0229,0,0,0,0,0,0,0
NDR1456,0,0,0,0,0,0,0
BKM2643,0,0,0,0,0,0,0
TRW3172,0,0,0,0,0,0,0
MSS3335,0,0,0,0,0,0,0
CJH2921,0,0,0,0,0,0,0
KAH2460,0,0,0,0,0,0,0
BLS3327,0,0,0,0,0,0,0
CAP2149,0,0,0,0,0,0,0
ACP2122,0,0,0,0,0,1,1
SSA0346,0,0,0,0,0,0,0
RRM3789,0,0,0,0,0,0,0
RSJ0891,0,0,0,0,0,0,0
JIM2988,0,0,0,0,0,0,0
LFS0392,0,0,0,0,0,0,0
FFP3169,0,0,0,0,0,0,0
ARF0575,0,0,0,0,0,1,0
NWH2076,0,0,0,0,0,0,0
BKS2069,0,0,0,0,0,0,0
BKS1860,0,0,0,0,0,0,0
OBH3008,0,0,0,0,0,0,0
JEL2887,0,0,0,0,0,0,0
RAI1483,0,0,0,0,0,0,0
DRM2927,0,0,0,0,0,0,0
NYC2048,0,0,0,0,0,0,0
SCB2814,0,0,0,0,0,0,0
SMM3221,0,0,0,0,0,0,0
JDC3713,0,0,0,0,0,0,0
EAL3873,0,0,0,0,0,1,1
AWW0254,0,0,0,0,0,0,0
EKH0934,0,0,0,0,0,0,0
KCO0269,0,0,0,0,0,0,0
NCS3577,0,0,0,0,0,1,0
WNC0858,0,0,0,0,0,0,0
KCD0181,0,0,0,0,0,0,0
MEM1745,0,0,0,0,0,0,0
XCG2316,0,0,0,0,0,0,0
UCM3537,0,0,0,0,0,0,0
CMM3753,0,0,0,0,0,0,0
CCB3055,0,0,0,0,0,1,1
ILS0713,0,0,0,0,0,0,0
INJ3876,0,0,0,0,0,0,0
MRT1855,0,0,0,0,0,0,0
NRE1755,0,0,0,0,0,0,0
RIK1631,0,0,0,0,0,0,0
MWB4000,0,0,0,0,0,0,0
ZNA0921,0,0,0,0,0,0,0
VAS3984,0,0,0,0,0,0,0
CDW0986,0,0,0,0,0,0,0
YOH1176,0,0,0,0,0,0,0
DBR1558,0,0,0,0,0,0,0
MKM1993,0,0,0,0,0,1,0
GKH1634,0,0,0,0,0,0,0
YFP2558,0,0,0,0,0,0,0
EJB1263,0,0,0,0,0,0,0
ZAP1762,0,0,0,0,0,1,0
COW3840,0,0,0,0,0,0,0
PKB2483,0,0,0,0,0,0,0
EFC1153,0,0,0,0,0,0,0
SYF3607,0,0,0,0,0,0,1
SLS0834,0,0,0,0,0,0,0
AIF1202,0,0,0,0,0,0,0
RGR0706,0,0,0,0,0,0,0
KAP0844,0,0,0,0,0,0,0
RPG0403,0,0,0,0,0,0,0
NSW3199,0,0,0,0,0,0,0
ORJ1401,0,0,0,0,0,0,0
BOH1751,0,0,0,0,0,0,0
CWT3747,0,0,0,0,0,0,0
VIB2070,0,0,0,0,0,0,0
WET2108,0,0,0,0,0,0,0
BCC0456,0,0,0,0,0,0,0
HDH3751,0,0,0,0,0,0,0
SHT3548,0,0,0,0,0,0,0
ZZO2997,0,0,0,0,0,0,0
ZNG3404,0,0,0,0,0,0,0
JLG2952,0,0,0,0,0,0,0
BDV2474,0,0,0,0,0,0,0
CSP3434,0,0,0,0,0,0,0
MCT1067,0,0,0,0,0,0,0
JJM2845,0,0,0,0,0,0,0
CWB1463,0,0,0,0,0,0,0
CJJ1491,0,0,0,0,0,0,0
ITM0906,0,0,0,0,0,0,0
QMP2998,0,0,0,0,0,0,0
WBB2321,0,0,0,0,0,1,1
CTG3770,0,0,0,0,0,0,0
SAH2292,0,0,0,0,0,0,0
IMS2191,0,0,0,0,0,0,0
RAA3570,0,0,0,0,0,1,0
EMS1736,0,0,0,0,0,0,0
LCH1789,0,0,0,0,0,0,0
ALT1354,0,0,0,0,0,0,0
AKK2125,0,0,0,0,0,1,1
KAD0884,0,0,0,0,0,0,0
KGF2552,0,0,0,0,0,1,1
KKC2119,0,0,0,0,0,0,0
HRK2972,0,0,0,0,0,0,0
CSG1600,0,0,0,0,0,0,0
IGP1784,0,0,0,0,0,1,1
CMH0776,0,0,0,0,0,0,0
ABS0677,0,0,0,0,0,0,0
NNB2730,0,0,0,0,0,0,0
TCH2233,0,0,0,0,0,0,0
GNG2362,0,0,0,0,0,0,0
LCR1537,0,0,0,0,0,0,0
JRK2707,0,0,0,0,0,0,0
SBJ3628,0,0,0,0,0,0,0
JHP1799,0,0,0,0,0,0,0
AKS3705,0,0,0,0,0,0,0
SWG2200,0,0,0,0,0,0,0
JHK1849,0,0,0,0,0,0,1
FGK1026,0,0,0,0,0,0,0
SWE3155,0,0,0,0,0,0,0
HJR1160,0,0,0,0,0,0,0
ULP1169,0,0,0,0,0,1,0
SJF3798,0,0,0,0,0,0,1
MMB2285,0,0,0,0,0,0,0
MSR2202,0,0,0,0,0,0,0
SGB1636,0,0,0,0,0,0,0
CHB0996,0,0,0,0,0,0,0
DCW2405,0,0,0,0,0,0,1
JGH0728,0,0,0,0,0,0,0
EGG3374,0,0,0,0,0,0,0
PMG1376,0,0,0,0,0,0,0
DBS0880,0,0,0,0,0,0,0
CWA2549,0,0,0,0,0,0,0
DSM2400,0,0,0,0,0,0,0
NNJ1215,0,0,0,0,0,0,0
NHM1805,0,0,0,0,0,1,0
JWB1519,0,0,0,0,0,0,0
CPR1800,0,0,0,0,0,0,0
CSP0483,0,0,0,0,0,0,0
ODB0151,0,0,0,0,0,0,0
SVM0077,0,0,0,0,0,0,0
SCC1896,0,0,0,0,0,0,0
ICF2294,0,0,0,0,0,0,0
TAB3539,0,0,0,0,0,1,0
QIT3029,0,0,0,0,0,0,0
MBW1099,0,0,0,0,0,0,0
QKP3927,0,0,0,0,0,0,0
SEN0534,0,0,0,0,0,0,0
KBH3913,0,0,0,0,0,0,0
IBM1752,0,0,0,0,0,0,0
ZWS3625,0,0,0,0,0,0,0
LMB3241,0,0,0,0,0,0,0
SDR1227,0,0,0,0,0,0,0
JBT1035,0,0,0,0,0,0,0
RAS0356,0,0,0,0,0,0,0
MQM1638,0,0,0,0,0,0,0
JLA0030,0,0,0,0,0,0,0
CNK1711,0,0,0,0,0,0,0
LBG3911,0,0,0,0,0,0,0
LBM3284,0,0,0,0,0,0,0
ABL0870,0,0,0,0,0,0,0
ASM3925,0,0,0,0,0,0,0
NHW0864,0,0,0,0,0,0,0
LRP2591,0,0,0,0,0,0,0
PAS2864,0,0,0,0,0,0,0
CJW2087,0,0,0,0,0,0,0
UAS2829,0,0,0,0,0,0,0
GEG2093,0,0,0,0,0,0,1
IDH2939,0,0,0,0,0,0,0
CTP3877,0,0,0,0,0,0,0
KAS2029,0,0,0,0,0,0,1
BBF2388,0,0,0,0,0,0,0
SGV2780,0,0,0,0,0,0,0
XCB1390,0,0,0,0,0,0,0
SJB2984,0,0,0,0,0,0,0
ISR1477,0,0,0,0,0,0,0
GDG2354,0,0,0,0,0,0,0
XSR3526,0,0,0,0,0,0,0
FDH0299,0,0,0,0,0,1,1
BZS1344,0,0,0,0,0,0,0
LMF0670,0,0,0,0,0,0,0
SMH1953,0,0,0,0,0,0,0
BGA2301,0,0,0,0,0,0,0
QGS1841,0,0,0,0,0,0,0
DAM2705,0,0,0,0,0,0,0
WUH2238,0,0,0,0,0,0,0
CDY3409,0,0,0,0,0,0,0
EZP3568,0,0,0,0,0,0,0
IRT2811,0,0,0,0,0,0,0
RKH1569,0,0,0,0,0,1,0
DAB3255,0,0,0,0,0,0,0
AJH3517,0,0,0,0,0,0,0
SWA1824,0,0,0,0,0,0,0
MAP0215,0,0,0,0,0,0,0
MPH0153,0,0,0,0,0,0,1
GJS3352,0,0,0,0,0,0,0
NIM0052,0,0,0,0,0,0,0
RLR0365,0,0,0,0,0,0,0
WVM1669,0,0,0,0,0,0,0
SKM3058,0,0,0,0,0,0,0
MKD1004,0,0,0,0,0,0,0
LHH2148,0,0,0,0,0,0,0
JBO2839,0,0,0,0,0,0,0
HLC0943,0,0,0,0,0,1,0
RMP3510,0,0,0,0,0,0,0
XBH0357,0,0,0,0,0,0,0
PMG2513,0,0,0,0,0,0,0
ADS2428,0,0,0,0,0,1,0
JHF0480,0,0,0,0,0,1,1
RJG2239,0,0,0,0,0,0,0
JPF1296,0,0,0,0,0,0,0
NGH1256,0,0,0,0,0,0,0
DAM2954,0,0,0,0,0,0,0
TWW0811,0,0,0,0,0,0,0
LRB0372,0,0,0,0,0,0,0
EAH1653,0,0,0,0,0,1,0
WFN0926,0,0,0,0,0,0,0
NCS3715,0,0,0,0,0,0,0
DAL1943,0,0,0,0,0,0,0
COK3383,0,0,0,0,0,0,0
WWS0645,0,0,0,0,0,0,0
GWM1366,0,0,0,0,0,1,0
PCT1234,0,0,0,0,0,0,0
WAF3438,0,0,0,0,0,0,1
NMR2725,0,0,0,0,0,0,0
GAA3681,0,0,0,0,0,0,0
ABM3641,0,0,0,0,0,1,1
MOW1104,0,0,0,0,0,0,0
AAW0894,0,0,0,0,0,0,0
GJM2800,0,0,0,0,0,1,1
KJR1377,0,0,0,0,0,1,0
KBG2061,0,0,0,0,0,0,0
JYM3047,0,0,0,0,0,1,0
YKM2435,0,0,0,0,0,1,0
CCH3489,0,0,0,0,0,0,0
GBJ3604,0,0,0,0,0,0,0
SMG1268,0,0,0,0,0,0,0
PAB0879,0,0,0,0,0,0,0
WGM1823,0,0,0,0,0,0,0
XJM3874,0,0,0,0,0,1,0
KED1219,0,0,0,0,0,0,0
ADV2467,0,0,0,0,0,0,0
BAR3420,0,0,0,0,0,0,0
KOM1306,0,0,0,0,0,0,0
JRR3014,0,0,0,0,0,0,0
GDB2960,0,0,0,0,0,0,0
LGS1976,0,0,0,0,0,1,0
FLS0231,0,0,0,0,0,0,0
IKK3333,0,0,0,0,0,0,0
JTR3205,0,0,0,0,0,0,0
NHY0685,0,0,0,0,0,0,0
BCO2338,0,0,0,0,0,0,0
AFK3800,0,0,0,0,0,0,0
CKP0265,0,0,0,0,0,0,0
DQS0752,0,0,0,0,0,0,0
ARM0771,0,0,0,0,0,0,0
DNM3903,0,0,0,0,0,0,0
BXG1340,0,0,0,0,0,0,0
DDH1041,0,0,0,0,0,0,0
WJC2637,0,0,0,0,0,0,1
AUI2464,0,0,0,0,0,0,0
HBH2368,0,0,0,0,0,0,0
OHG3736,0,0,0,0,0,0,0
GPL1911,0,0,0,0,0,0,0
DHM1476,0,0,0,0,0,0,0
ZHT3869,0,0,0,0,0,0,0
JGW1274,0,0,0,0,0,0,0
CNT1188,0,0,0,0,0,0,0
OHF0078,0,0,0,0,0,0,0
RJD2647,0,0,0,0,0,0,0
ODB1853,0,0,0,0,0,0,0
RSE2181,0,0,0,0,0,0,0
RMR0341,0,0,0,0,0,0,0
MJB3866,0,0,0,0,0,0,0
SNM1696,0,0,0,0,0,0,0
STN2458,0,0,0,0,0,0,0
HWV1621,0,0,0,0,0,0,0
ZJB0552,0,0,0,0,0,0,0
MRC2160,0,0,0,0,0,0,0
APB3823,0,0,0,0,0,0,1
RUB1156,0,0,0,0,0,1,0
NHE3204,0,0,0,0,0,0,0
DRF3306,0,0,0,0,0,0,0
PGM0342,0,0,0,0,0,0,0
CBS0951,0,0,0,0,0,0,1
ZOM0746,0,0,0,0,0,0,0
HCH3338,0,0,0,0,0,0,0
CLM2776,0,0,0,0,0,0,1
TAB0684,0,0,0,0,0,1,1
DKF2721,0,0,0,0,0,0,0
CHC0252,0,0,0,0,0,0,1
ATC0218,0,0,0,0,0,0,0
SAM3862,0,0,0,0,0,0,0
CPP0623,0,0,0,0,0,1,0
TKC0514,0,0,0,0,0,0,0
AMR0197,0,0,0,0,0,0,0
WEV2867,0,0,0,0,0,0,0
CNS2548,0,0,0,0,0,1,0
KCM1893,0,0,0,0,0,0,0
UCG0322,0,0,0,0,0,0,0
CDE1846,0,0,0,0,1,0,0
VFM3223,0,0,0,0,0,1,0
BPL3202,0,0,0,0,0,1,0
HVR0633,0,0,0,0,0,0,0
JCF0800,0,0,0,0,0,0,0
CMD0613,0,0,0,0,0,0,1
RPW2445,0,0,0,0,0,0,0
CKH2230,0,0,0,0,0,0,0
JDB1620,0,0,0,0,0,0,0
RSM1089,0,0,0,0,0,0,0
AYA3962,0,0,0,0,0,1,0
IAR3996,0,0,0,0,0,0,0
LWV1525,0,0,0,0,0,0,0
CWH0038,0,0,0,0,0,0,0
MJA2380,0,0,0,0,0,1,1
BQW1904,0,0,0,0,0,0,0
KCF0450,0,0,0,0,0,0,0
FPM2074,0,0,0,0,0,0,0
AJQ0809,0,0,0,0,0,0,0
RHO0678,0,0,0,0,0,0,1
BNS2384,0,0,0,0,0,0,0
BDK0854,0,0,0,0,0,0,0
RML2789,0,0,0,0,0,0,0
ZNE3451,0,0,0,0,0,0,0
FCY1157,0,0,0,0,0,0,0
SJY3732,0,0,0,0,0,0,0
HAG3665,0,0,0,0,0,0,0
HCH3685,0,0,0,0,0,0,0
ALS2596,0,0,0,0,0,0,0
CXB2183,0,0,0,0,0,0,0
CDS1579,0,0,0,0,0,1,0
IHS0816,0,0,0,0,0,0,0
TAM1488,0,0,0,0,0,0,0
KBB0460,0,0,0,0,0,1,0
PTG0587,0,0,0,0,0,0,0
LQJ3060,0,0,0,0,0,0,0
DNN0488,0,0,0,0,0,0,0
JAW3813,0,0,0,0,0,0,0
TKM2494,0,0,0,0,0,0,0
KHW2052,0,0,0,0,0,0,0
KCL2310,0,0,0,0,0,0,1
CLR1239,0,0,0,0,0,0,0
TAW2664,0,0,0,0,0,1,1
KEW1179,0,0,0,0,0,0,0
HLD1270,0,0,0,0,0,0,0
ISH0079,0,0,0,0,0,0,0
EAM1432,0,0,0,0,0,0,0
TAD1414,0,0,0,0,0,0,0
LDH0574,0,0,0,0,0,1,0
DOW1266,0,0,0,0,0,0,0
CSM2819,0,0,0,0,0,0,0
FCS2824,0,0,0,0,0,1,1
VLM3572,0,0,0,0,0,0,0
JUG0498,0,0,0,0,0,0,0
LBC0194,0,0,0,0,0,1,0
ITK2781,0,0,0,0,0,0,0
ADR1517,0,0,0,0,0,0,0
KND0529,0,0,0,0,0,0,0
NHD2497,0,0,0,0,0,0,0
LAL1956,0,0,0,0,0,0,0
KKD1980,0,0,0,0,0,0,0
NMW0896,0,0,0,0,0,0,0
KLM1357,0,0,0,0,0,0,1
RKM3650,0,0,0,0,0,0,0
PJM3025,0,0,0,0,0,0,0
ADB0350,0,0,0,0,0,0,0
BNL1652,0,0,0,0,0,0,0
HHW2471,0,0,0,0,0,0,0
JLM3150,0,0,0,0,0,0,0
AUA0826,0,0,0,0,0,0,0
PKH0730,0,0,0,0,0,0,0
HKA0686,0,0,0,0,0,0,0
JCH1410,0,0,0,0,0,0,0
KJB0354,0,0,0,0,0,0,1
SMN1103,0,0,0,0,0,1,0
RFJ2193,0,0,0,0,0,0,0
GYO2169,0,0,0,0,0,0,0
BHW2476,0,0,0,0,0,0,0
REL3735,0,0,0,0,0,0,0
MTS0465,0,0,0,0,0,1,1
MNP0955,0,0,0,0,0,0,0
LDW1472,0,0,0,0,0,0,0
MJC1471,0,0,0,0,0,0,0
ALB1254,0,0,0,0,0,0,0
DZG0889,0,0,0,0,0,0,1
DHK0367,0,0,0,0,0,0,0
BKM3611,0,0,0,0,0,0,0
HMS3795,0,0,0,0,0,0,0
JOB1328,0,0,0,0,0,0,0
MBS3902,0,0,0,0,0,0,0
LAR0625,0,0,0,0,0,0,1
RCL0068,0,0,0,0,0,0,0
HZA3839,0,0,0,0,0,0,0
BBM3688,0,0,0,0,0,0,0
RCH3533,0,0,0,0,0,0,0
BFR3250,0,0,0,0,0,1,0
GCB0201,0,0,0,0,0,0,0
CRC0348,0,0,0,0,0,0,1
QMV2796,0,0,0,0,0,0,0
BVC0009,0,0,0,0,0,0,1
WSB1368,0,0,0,0,0,0,0
MCM2189,0,0,0,0,0,0,0
HMA1258,0,0,0,0,0,0,0
LAN2608,0,0,0,0,0,0,0
CPM1627,0,0,0,0,0,0,0
AIC1071,0,0,0,0,0,0,0
MTM1434,0,0,0,0,0,0,0
CCL3272,0,0,0,0,0,0,0
JNM0905,0,0,0,0,0,0,0
TDM2658,0,0,0,0,0,0,0
JTS2090,0,0,0,0,0,0,0
CSB0827,0,0,0,0,0,0,0
FKM1622,0,0,0,0,0,0,1
CTP2225,0,0,0,0,0,0,1
WYC3397,0,0,0,0,0,0,0
TOS3712,0,0,0,0,0,0,0
JJS2079,0,0,0,0,0,0,0
SCD2333,0,0,0,0,0,0,0
BEA0311,0,0,0,0,0,0,0
PDJ3711,0,0,0,0,0,0,0
KPS0895,0,0,0,0,0,0,0
CMS2897,0,0,0,0,0,0,1
YIP1802,0,0,0,0,0,0,0
CLG3616,0,0,0,0,0,0,0
BRH2866,0,0,0,0,0,0,0
GCM0813,0,0,0,0,0,0,0
GIM0786,0,0,0,0,0,0,0
ESH1283,0,0,0,0,0,0,0
BKF1545,0,0,0,0,0,0,1
GKN0168,0,0,0,0,0,0,0
NEH1185,0,0,0,0,0,0,0
ARW0818,0,0,0,0,0,1,1
WCP2123,0,0,0,0,0,0,0
ATC1587,0,0,0,0,0,0,0
MCW2546,0,0,0,0,0,1,0
DCF2185,0,0,0,0,0,0,0
DBB3846,0,0,0,0,0,1,0
ANH3059,0,0,0,0,0,0,0
MRB2390,0,0,0,0,0,0,0
GJG0852,0,0,0,0,0,0,0
RSE2382,0,0,0,0,0,0,0
MHM2370,0,0,0,0,0,0,0
RBB0585,0,0,0,0,0,0,0
UAD2700,0,0,0,0,0,0,0
ENR1304,0,0,0,0,0,0,0
GDP1856,0,0,0,0,0,0,0
TLW2668,0,0,0,0,0,0,0
EIH0064,0,0,0,0,0,0,0
IGB1902,0,0,0,0,0,0,0
BNH2692,0,0,0,0,0,1,0
SZC2235,0,0,0,0,0,0,0
SGK1941,0,0,0,0,0,1,0
VNH1282,0,0,0,0,0,0,0
NKD3073,0,0,0,0,0,0,0
JTV2654,0,0,0,0,0,0,0
FCB0563,0,0,0,0,0,0,0
SDF3082,0,0,0,0,0,0,0
NMP3872,0,0,0,0,0,0,0
AEH2020,0,0,0,0,0,0,0
KIC1000,0,0,0,0,0,0,0
RXN2265,0,0,0,0,0,1,0
PCB0545,0,0,0,0,0,0,0
JCW1332,0,0,0,0,0,0,0
MEB3004,0,0,0,0,0,0,0
JCC0059,0,0,0,0,0,0,0
KSW3237,0,0,0,0,0,0,0
CSE1265,0,0,0,0,0,0,0
JIP3170,0,0,0,0,0,0,0
BJM3236,0,0,0,0,0,0,0
TJT3412,0,0,0,0,0,0,0
ETA0791,0,0,0,0,0,0,0
SPM1684,0,0,0,0,0,0,0
LKG0937,0,0,0,0,0,0,0
KNH0316,0,0,0,0,0,1,0
CKM0405,0,0,0,0,0,0,0
GFV3163,0,0,0,0,0,0,0
KBO2708,0,0,0,0,0,0,0
DJC0073,0,0,0,0,0,0,0
COD2351,0,0,0,0,0,0,0
BVK1096,0,0,0,0,0,0,0
MJP2421,0,0,0,0,0,0,0
ADM1894,0,0,0,0,0,1,0
ERA0725,0,0,0,0,0,0,1
JJH1389,0,0,0,0,0,1,1
RSM3742,0,0,0,0,0,0,0
CMS1900,0,0,0,0,0,0,0
MLB1214,0,0,0,0,0,0,0
CLE3098,0,0,0,0,0,0,0
KSB1599,0,0,0,0,0,0,0
MAK1309,0,0,0,0,0,0,0
SAB2761,0,0,0,0,0,0,0
BVD3974,0,0,0,0,0,1,0
EPC3889,0,0,0,0,0,0,0
DND3309,0,0,0,0,0,0,0
ISM2612,0,0,0,0,0,0,0
RIJ2470,0,0,0,0,0,0,0
DNM2823,0,0,0,0,0,0,0
ROA3171,0,0,0,0,0,0,0
EAH3107,0,0,0,0,0,0,0
VTD2731,0,0,0,0,0,0,0
GMH2027,0,0,0,0,0,0,0
SKB3752,0,0,0,0,0,0,0
MXG0821,0,0,0,0,0,0,0
BJP0186,0,0,0,0,0,0,0
CTH0915,0,0,0,0,0,0,1
KPO3619,0,0,0,0,0,0,0
FGN0375,0,0,0,0,0,0,0
CAB3121,0,0,0,0,0,0,0
DPF3360,0,0,0,0,0,0,0
HMB0805,0,0,0,0,0,0,1
IKA2925,0,0,0,0,0,0,0
KDH1284,0,0,0,0,0,0,0
NGV3638,0,0,0,0,0,0,0
AEM0554,0,0,0,0,0,1,1
MKW0157,0,0,0,0,0,0,0
GDR1066,0,0,0,0,0,0,0
AIV3936,0,0,0,0,0,0,0
LCP0572,0,0,0,0,0,0,0
MAW0532,0,0,0,0,0,0,1
QSG2525,0,0,0,0,0,0,0
BAC2914,0,0,0,0,0,0,0
DSM3954,0,0,0,0,0,0,0
CIT0310,0,0,0,0,0,0,0
SMW2062,0,0,0,0,0,0,0
HZM3056,0,0,0,0,0,0,0
JRA0522,0,0,0,0,0,0,0
RFS1633,0,0,0,0,0,0,0
XML3920,0,0,0,0,0,0,0
BMR1662,0,0,0,0,0,0,0
CRC2747,0,0,0,0,0,1,0
STK2397,0,0,0,0,0,0,0
SXR0964,0,0,0,0,0,0,0
CMC1642,0,0,0,0,0,0,0
NBD2469,0,0,0,0,0,0,0
CBD0802,0,0,0,0,0,0,0
AZK0622,0,0,0,0,0,0,0
ISJ1479,0,0,0,0,0,0,1
RLS0761,0,0,0,0,0,0,0
OCC0107,0,0,0,0,0,0,0
JJF1325,0,0,0,0,0,0,0
CMH3077,0,0,0,0,0,0,0
DMR2518,0,0,0,0,0,0,0
BZH1158,0,0,0,0,0,0,0
JRF3424,0,0,0,0,0,0,0
CRP2489,0,0,0,0,0,0,0
CMR1470,0,0,0,0,0,1,0
FDS0810,0,0,0,0,0,0,0
BJF0511,0,0,0,0,0,0,1
SZB0321,0,0,0,0,0,0,0
AEK3566,0,0,0,0,0,1,0
TWH1178,0,0,0,0,0,1,0
DIW1749,0,0,0,0,0,0,0
CSW3811,0,0,0,0,0,0,0
IDL2014,0,0,0,0,0,0,0
MBF3126,0,0,0,0,0,0,0
SED0972,0,0,0,0,0,0,0
MAL0434,0,0,0,0,0,0,0
SCM2538,0,0,0,0,0,1,0
ZAR2140,0,0,0,0,0,0,0
CQC0997,0,0,0,0,0,1,0
RMB0885,0,0,0,0,0,0,0
JAD3672,0,0,0,0,0,1,0
LCC1108,0,0,0,0,0,0,0
EAP1555,0,0,0,0,0,1,0
WSC2981,0,0,0,0,0,0,0
KNM0423,0,0,0,0,0,0,0
YHH2785,0,0,0,0,0,0,0
EUH0257,0,0,0,0,0,0,0
DMR0336,0,0,0,0,0,0,0
AJK0611,0,0,0,0,0,0,0
NTP2146,0,0,0,0,0,1,0
EAB2522,0,0,0,0,0,0,0
AHG1408,0,0,0,0,0,0,0
ACR0748,0,0,0,0,0,0,0
ELB3697,0,0,0,0,0,0,0
BXG3763,0,0,0,0,0,0,0
IIM1947,0,0,0,0,0,0,0
GEB3975,0,0,0,0,0,1,0
KST0924,0,0,0,0,0,0,0
JSR3988,0,0,0,0,0,0,0
KBG1117,0,0,0,0,0,1,1
QXH0396,0,0,0,0,0,0,0
JPS2432,0,0,0,0,0,1,0
IKG3154,0,0,0,0,0,0,0
CSG0135,0,0,0,0,0,0,0
BNB3370,0,0,0,0,0,0,0
SAS1098,0,0,0,0,0,0,0
VPG2530,0,0,0,0,0,0,0
GNG2812,0,0,0,0,0,0,0
ICP3710,0,0,0,0,0,0,0
LRS1168,0,0,0,0,0,1,0
BCB0294,0,0,0,0,0,0,0
CSL2055,0,0,0,0,0,0,0
TPS1568,0,0,0,0,0,1,1
RCB2424,0,0,0,0,0,1,0
CMM3702,0,0,0,0,0,0,0
RPC0205,0,0,0,0,0,0,1
MKC1094,0,0,0,0,0,0,0
BJC3423,0,0,0,0,0,0,0
SSA0389,0,0,0,0,0,0,0
HBC0999,0,0,0,0,0,0,1
UDW0487,0,0,0,0,0,0,0
BHG3238,0,0,0,0,0,0,0
GLS1193,0,0,0,0,0,0,0
SXO3514,0,0,0,0,0,0,0
JWM0484,0,0,0,0,0,0,1
CAS1017,0,0,0,0,0,0,0
THG3271,0,0,0,0,0,0,0
HCM2945,0,0,0,0,0,0,0
SDC2793,0,0,0,0,0,0,0
CKB0169,0,0,0,0,0,0,0
KVW0814,0,0,0,0,0,0,0
XKW1135,0,0,0,0,0,0,0
JVC2443,0,0,0,0,0,1,1
AJC0722,0,0,0,0,0,0,0
EGP2104,0,0,0,0,0,0,0
JDB3127,0,0,0,0,0,0,0
IBP2990,0,0,0,0,0,0,0
HWS2915,0,0,0,0,0,0,0
ACJ0014,0,0,0,0,0,0,0
ZXM3086,0,0,0,0,0,0,0
JAW0551,0,0,0,0,0,0,0
NJG3144,0,0,0,0,0,0,0
AGE1244,0,0,0,0,0,0,0
ADV1640,0,0,0,0,0,0,0
THM2665,0,0,0,0,0,0,0
KWR1544,0,0,0,0,0,0,0
EIF1865,0,0,0,0,0,0,0
EMC3609,0,0,0,0,0,0,0
ARH2262,0,0,0,0,0,0,0
BCS1604,0,0,0,0,0,1,1
ASH1710,0,0,0,0,0,0,0
KPB1123,0,0,0,0,0,1,1
MBA1797,0,0,0,0,0,0,1
DDL3007,0,0,0,0,0,0,0
FES3442,0,0,0,0,0,0,0
WSM2798,0,0,0,0,0,0,0
DTU3804,0,0,0,0,0,0,1
SJD3032,0,0,0,0,0,0,0
JLG3764,0,0,0,0,0,0,0
MJB2167,0,0,0,0,0,0,0
VHH0485,0,0,0,0,0,0,0
CMB2034,0,0,0,0,0,0,0
ZMH1543,0,0,0,0,0,0,0
DCW0174,0,0,0,0,0,0,0
FZW2101,0,0,0,0,0,0,0
FMT2152,0,0,0,0,0,0,0
QFD1857,0,0,0,0,0,0,0
NCT3492,0,0,0,0,0,0,0
IHD1978,0,0,0,0,0,0,0
DNV1964,0,0,0,0,0,1,1
CHH3583,0,0,0,0,0,1,0
TDM2859,0,0,0,0,0,0,0
MHH2192,0,0,0,0,0,0,0
NCO1443,0,0,0,0,0,0,0
KEH0665,0,0,0,0,0,0,0
MCJ3137,0,0,0,0,0,0,0
DAM3359,0,0,0,0,0,0,0
LKC1944,0,0,0,0,0,1,0
NSM1464,0,0,0,0,0,0,0
NEB0371,0,0,0,0,0,0,0
KFG2735,0,0,0,0,0,1,0
TTB0471,0,0,0,0,0,0,0
JCH2505,0,0,0,0,0,1,1
EAH2882,0,0,0,0,0,0,0
MFD2890,0,0,0,0,0,0,0
ELC1833,0,0,0,0,0,0,0
UAH3940,0,0,0,0,0,0,0
CST2863,0,0,0,0,0,0,0
HSS3959,0,0,0,0,0,1,0
GCT3750,0,0,0,0,0,0,0
THM1021,0,0,0,0,0,0,0
HJB0286,0,0,0,0,0,0,0
NDB0517,0,0,0,0,0,0,0
BCG1029,0,0,0,0,0,0,0
HLS2098,0,0,0,0,0,0,0
EMC2757,0,0,0,0,0,0,0
BEW1426,0,0,0,0,0,0,0
SCB1280,0,0,0,0,0,0,0
RCM1372,0,0,0,0,0,1,0
MVA3761,0,0,0,0,0,0,0
VJC1974,0,0,0,0,0,0,0
EKM0863,0,0,0,0,0,0,0
PJP2632,0,0,0,0,0,0,0
KKM0624,0,0,0,0,0,1,0
QRJ0691,0,0,0,0,0,0,0
TBM3829,0,0,0,0,0,0,0
NHH3276,0,0,0,0,0,0,0
BCO0877,0,0,0,0,0,0,0
NJG2979,0,0,0,0,0,0,0
VDH0766,0,0,0,0,0,0,0
MDG2418,0,0,0,0,0,1,1
MAH2095,0,0,0,0,0,0,0
ARC1725,0,0,0,0,0,0,0
DMC1766,0,0,0,0,0,1,0
WNR0661,0,0,0,0,0,0,0
NSM2805,0,0,0,0,0,0,1
AMH1481,0,0,0,0,0,0,0
DDW3361,0,0,0,0,0,0,0
HJG2157,0,0,0,0,0,0,0
RAH1514,0,0,0,0,0,0,0
JSB0320,0,0,0,0,0,0,0
ZBW1015,0,0,0,0,0,0,0
GHD1450,0,0,0,0,0,0,1
KSP1288,0,0,0,0,0,0,0
TIJ1817,0,0,0,0,0,0,1
EMR3880,0,0,0,0,0,1,1
BRS0333,0,0,0,0,0,0,0
IOP1859,0,0,0,0,0,0,0
BHK2196,0,0,0,0,0,0,0
MEA3886,0,0,0,0,0,0,0
KAA2150,0,0,0,0,0,0,0
JAF0209,0,0,0,0,0,1,1
DLG2673,0,0,0,0,0,0,0
CCF2298,0,0,0,0,0,0,0
PMT2264,0,0,0,0,0,0,0
MLC3482,0,0,0,0,0,0,0
KJC1419,0,0,0,0,0,0,0
LGJ2710,0,0,0,0,0,0,0
HQB0118,0,0,0,0,0,1,0
HAF0394,0,0,0,0,0,1,1
ATM1003,0,0,0,0,0,0,0
DJP3230,0,0,0,0,0,0,0
TTK2633,0,0,0,0,0,0,0
TKN0812,0,0,0,0,0,0,0
FBM2755,0,0,0,0,0,0,0
GCK2071,0,0,0,0,0,0,0
RBG3850,0,0,0,0,0,0,0
RHL0268,0,0,0,0,0,0,0
VZG2484,0,0,0,0,0,0,0
BJH3402,0,0,0,0,0,0,0
DWB0238,0,0,0,0,0,0,1
BJG0662,0,0,0,0,0,0,0
STC2042,0,0,0,0,0,0,0
IEG2687,0,0,0,0,0,1,1
DBG3727,0,0,0,0,0,0,0
ELR1140,0,0,0,0,0,0,0
NKG2706,0,0,0,0,0,0,0
NEC2033,0,0,0,0,0,0,0
SJS1014,0,0,0,0,0,0,0
KNA1279,0,0,0,0,0,0,0
JIB2606,0,0,0,0,0,0,0
AWB2282,0,0,0,0,0,0,0
CDM2075,0,0,0,0,0,0,0
APP3678,0,0,0,0,0,0,0
JRL2365,0,0,0,0,0,0,0
NBL2243,0,0,0,0,0,0,0
AVT0526,0,0,0,0,0,0,0
GRG3005,0,0,0,0,0,0,0
STR3896,0,0,0,0,0,0,0
FTF1665,0,0,0,0,0,0,0
HGR0198,0,0,0,0,0,0,0
AMN0911,0,0,0,0,0,0,0
CCS3575,0,0,0,0,0,0,0
IAA3012,0,0,0,0,0,0,0
CUQ3097,0,0,0,0,0,0,0
MCS0512,0,0,0,0,0,0,0
LCC2503,0,0,0,0,0,0,0
HMP3391,0,0,0,0,0,0,0
SJS1415,0,0,0,0,0,0,0
BLS1973,0,0,0,0,0,0,0
TEF3555,0,0,0,0,0,0,0
CAV1868,0,0,0,0,0,0,0
ABB0300,0,0,0,0,0,1,1
JRB2741,0,0,0,0,0,0,0
SNW0798,0,0,0,0,0,0,0
GMC0953,0,0,0,0,0,0,0
INL3041,0,0,0,0,0,1,0
JMH2517,0,0,0,0,0,0,0
ONR3291,0,0,0,0,0,1,1
IRB2456,0,0,0,0,0,0,0
YRA3503,0,0,0,0,0,0,0
AEW1442,0,0,0,0,0,0,0
RVL1688,0,0,0,0,0,0,0
LIG2813,0,0,0,0,0,0,0
OLR2564,0,0,0,0,0,0,0
NGW2341,0,0,0,0,0,0,0
SWH1053,0,0,0,0,0,1,0
JCH2963,0,0,0,0,0,0,0
BDL1065,0,0,0,0,0,0,0
GJT1292,0,0,0,0,0,0,0
BPM3694,0,0,0,0,0,0,1
AFF1492,0,0,0,0,0,0,0
RBO0327,0,0,0,0,0,0,0
NSW0122,0,0,0,0,0,1,0
LGL0649,0,0,0,0,0,0,0
KKP2284,0,0,0,0,0,0,0
ISM0130,0,0,0,0,0,0,0
LGR1036,0,0,0,0,0,0,0
ARG3554,0,0,0,0,0,0,0
SSR1962,0,0,0,0,0,1,0
AGM3372,0,0,0,0,0,0,0
DFP3615,0,0,0,0,0,1,0
NBN2651,0,0,0,0,0,0,0
JHH3462,0,0,0,0,0,0,0
AKS0298,0,0,0,0,0,0,0
DKS1509,0,0,0,0,0,0,0
FZB3046,0,0,0,0,0,1,1
SLM1119,0,0,0,0,0,1,0
PKB2732,0,0,0,0,0,0,0
FKR3316,0,0,0,0,0,0,0
TRV2966,0,0,0,0,0,0,0
IAS0857,0,0,0,0,0,0,1
PIM3569,0,0,0,0,0,0,0
TJB3511,0,0,0,0,0,0,0
DMC1438,0,0,0,0,0,0,0
JSB1535,0,0,0,0,0,0,0
RJF3634,0,0,0,0,0,0,0
ZVB2656,0,0,0,0,0,0,0
JHC1809,0,0,0,0,0,0,0
TNH3028,0,0,0,0,0,0,0
AGB3303,0,0,0,0,0,0,0
OJV2346,0,0,0,0,0,0,0
LGS3477,0,0,0,0,0,1,0
VDB0247,0,0,0,0,0,0,0
NHH1704,0,0,0,0,0,0,0
HCO3108,0,0,0,0,0,0,0
DRK3644,0,0,0,0,0,0,0
VHM2280,0,0,0,0,0,0,0
JLW3598,0,0,0,0,0,0,0
CAG0888,0,0,0,0,0,0,1
JJS3884,0,0,0,0,0,0,0
MSR3709,0,0,0,0,0,0,0
EKB0825,0,0,0,0,0,0,0
AIS1082,0,0,0,0,0,0,0
EKV3321,0,0,0,0,0,0,0
MGB0326,0,0,0,0,0,0,0
RDB0702,0,0,0,0,0,0,0
GTL3389,0,0,0,0,0,0,0
SKP3263,0,0,0,0,0,0,0
JJB1598,0,0,0,0,0,1,1
DDG1703,0,0,0,0,0,0,0
BXN0660,0,0,0,0,0,0,0
SFE0723,0,0,0,0,0,0,0
ADB3853,0,0,0,0,0,0,0
AYL1635,0,0,0,0,0,0,0
GCD1189,0,0,0,0,0,0,0
SRM3245,0,0,0,0,0,0,0
TRC1831,0,0,0,0,0,0,0
BJS0744,0,0,0,0,0,0,0
LJH0866,0,0,0,0,0,0,0
YJP2689,0,0,0,0,0,1,0
MUO3601,0,0,0,0,0,0,0
CJB3470,0,0,0,0,0,0,0
JWW2765,0,0,0,0,0,0,0
KFB2257,0,0,0,0,0,0,0
SKM1369,0,0,0,0,0,0,0
WLR0707,0,0,0,0,0,0,0
JHC3520,0,0,0,0,0,0,0
DWB3415,0,0,0,0,0,0,0
SJT0698,0,0,0,0,0,1,0
OAS0991,0,0,0,0,0,0,0
KSS2068,0,0,0,0,0,0,0
CSV3305,0,0,0,0,0,0,0
BNS3594,0,0,0,0,0,0,0
LLJ3179,0,0,0,0,0,0,0
MCB0591,0,0,0,0,0,0,0
ZLB1878,0,0,0,0,0,0,0
SMC2898,0,0,0,0,0,0,0
THR3371,0,0,0,0,0,0,0
HDC2132,0,0,0,0,0,0,0
BDA1906,0,0,0,0,0,0,0
HJR3540,0,0,0,0,0,0,0
LHB3089,0,0,0,0,0,0,0
GLM3450,0,0,0,0,0,0,0
CHL3430,0,0,0,0,0,0,0
JJA1399,0,0,0,0,0,0,0
TKP0210,0,0,0,0,0,1,1
KNM1674,0,0,0,0,0,0,0
CTK0947,0,0,0,0,0,0,0
KGD2603,0,0,0,0,0,0,0
BAV0390,0,0,0,0,0,0,0
WPR1884,0,0,0,0,0,0,0
TDV1034,0,0,0,0,0,0,0
TJB3240,0,0,0,0,0,0,0
FDM1933,0,0,0,0,0,0,0
SGM2153,0,0,0,0,0,0,0
CDP0340,0,0,0,0,0,0,0
ANC1834,0,0,0,0,0,0,0
CRJ3070,0,0,0,0,0,0,0
RUC1198,0,0,0,0,0,0,0
ASG0072,0,0,0,0,0,0,0
ODS0893,0,0,0,0,0,0,0
FQG2974,0,0,0,0,0,0,0
DGH3295,0,0,0,0,0,0,0
LOC0416,0,0,0,0,0,0,0
JSM3633,0,0,0,0,0,0,0
CUM2335,0,0,0,0,0,0,0
VEC1686,0,0,0,0,0,0,0
CJF1934,0,0,0,0,0,0,1
RGP0451,0,0,0,0,0,0,0
DFC3287,0,0,0,0,0,0,0
BAB0518,0,0,0,0,0,0,0
BEB1022,0,0,0,0,0,0,0
GES2626,0,0,0,0,0,0,1
SSO2406,0,0,0,0,0,0,0
EDV1427,0,0,0,0,0,0,0
AKP3573,0,0,0,0,0,0,0
JVB3184,0,0,0,0,0,0,0
JLL1204,0,0,0,0,0,0,0
CTH0626,0,0,0,0,0,1,0
ABJ0281,0,0,0,0,0,0,0
MRH2516,0,0,0,0,0,0,1
MNM1161,0,0,0,0,0,0,0
IHH2831,0,0,0,0,0,0,0
AJV0176,0,0,0,0,0,0,0
DKW1659,0,0,0,0,0,0,0
PCS1747,0,0,0,0,0,0,0
ZAN1931,0,0,0,0,0,0,0
AJP1199,0,0,0,0,0,0,0
ZBW0132,0,0,0,0,0,0,0
BKW1032,0,0,0,0,0,0,0
LFC2015,0,0,0,0,0,0,0
KSV2881,0,0,0,0,0,0,0
AJM2385,0,0,0,0,0,0,0
MLP3859,0,0,0,0,0,0,0
ZJS1776,0,0,0,0,0,1,0
RRA0643,0,0,0,0,0,0,0
DTW3549,0,0,0,0,0,0,0
BLD2227,0,0,0,0,0,0,1
YRW0842,0,0,0,0,0,1,1
SDN2932,0,0,0,0,0,0,0
KAH3247,0,0,0,0,0,0,0
GEK3441,0,0,0,0,0,0,0
MHH0034,0,0,0,0,0,0,0
GRM1511,0,0,0,0,0,0,1
CSR0612,0,0,0,0,0,0,0
LBM2142,0,0,0,0,0,0,0
HAL1200,0,0,0,0,0,0,0
FRM3431,0,0,0,0,0,0,0
RCB0302,0,0,0,0,0,0,0
ETM2542,0,0,0,0,0,0,0
LCK1403,0,0,0,0,0,0,0
CKC3767,0,0,0,0,0,0,0
LVK3180,0,0,0,0,0,0,0
KAL1210,0,0,0,0,0,0,0
DAE1437,0,0,0,0,0,0,1
TWM0837,0,0,0,0,0,0,0
RTW2758,0,0,0,0,0,0,0
SAV3457,0,0,0,0,0,0,0
ECB1341,0,0,0,0,0,0,0
BBH2509,0,0,0,0,0,0,0
SHS3176,0,0,0,0,0,0,0
KSM1518,0,0,0,0,0,0,0
RHB1721,0,0,0,0,0,1,0
KWD3977,0,0,0,0,0,1,0
JRM0871,0,0,0,0,0,0,0
CLH0733,0,0,0,0,0,0,0
ZLG3090,0,0,0,0,0,0,0
CGC1132,0,0,0,0,0,0,0
DPM2971,0,0,0,0,0,0,1
HWC3907,0,0,0,0,0,0,0
JGH0493,0,0,0,0,0,0,0
LMS2868,0,0,0,0,0,0,0
JMG3365,0,0,0,0,0,0,0
BAH1259,0,0,0,0,0,1,1
JSH0887,0,0,0,0,0,0,0
ACS0128,0,0,0,0,0,0,1
FXD3105,0,0,0,0,0,1,0
MQS3541,0,0,0,0,0,0,0
WBM1045,0,0,0,0,0,1,0
JCB2350,0,0,0,0,0,0,0
ASK2349,0,0,0,0,0,0,0
HAP3000,0,0,0,0,0,0,0
KWD2589,0,0,0,0,0,0,0
RSW3232,0,0,0,0,0,0,0
CWC0490,0,0,0,0,0,0,0
KCB1975,0,0,0,0,0,1,0
MHV1529,0,0,0,0,0,0,0
JKW0200,0,0,0,0,0,0,0
WDD0499,0,0,0,0,0,0,0
FMC1002,0,0,0,0,0,0,0
DNS1768,0,0,0,0,0,1,1
HCR1322,0,0,0,0,0,0,0
QJA3887,0,0,0,0,0,0,0
PCM0609,0,0,0,0,0,0,1
SHB3512,0,0,0,0,0,0,1
JCP0028,0,0,0,0,0,0,0
CKD3861,0,0,0,0,0,0,0
CHL2644,0,0,0,0,0,0,0
LIW0379,0,0,0,0,0,0,0
SRP2080,0,0,0,0,0,0,0
INS3200,0,0,0,0,0,0,0
GOB3528,0,0,0,0,0,0,0
AKI3229,0,0,0,0,0,0,0
DNS1758,0,0,0,0,0,1,1
HDL2297,0,0,0,0,0,0,0
CSC3074,0,0,0,0,0,0,0
NYS2040,0,0,0,0,0,0,0
BAT3066,0,0,0,0,0,1,0
EUV1842,0,0,0,0,0,0,0
DAB2580,0,0,0,0,0,0,0
JBH2559,0,0,0,0,0,0,0
KDC2976,0,0,0,0,0,0,0
EBH1882,0,0,0,0,0,0,0
EJM2690,0,0,0,0,0,0,0
GMK1449,0,0,0,0,0,0,0
TNV3213,0,0,0,0,0,1,0
ALC1060,0,0,0,0,0,1,0
RJW1440,0,0,0,0,0,0,0
JJE1552,0,0,0,0,0,0,0
GJG0170,0,0,0,0,0,0,0
NJS2657,0,0,0,0,0,0,0
TAF0640,0,0,0,0,0,0,0
AHD2457,0,0,0,0,0,0,0
SHN0104,0,0,0,0,0,0,0
RVR0095,0,0,0,0,0,0,0
RCF2057,0,0,0,0,0,0,0
ZAW2012,0,0,0,0,0,0,0
IRW2130,0,0,0,0,0,0,0
KCM0806,0,0,0,0,0,0,0
TEC2300,0,0,0,0,0,0,0
CHS2323,0,0,0,0,0,1,1
HBC3497,0,0,0,0,0,0,0
CGM0035,0,0,0,0,0,0,0
PRH2431,0,0,0,0,0,1,0
KTS3908,0,0,0,0,0,0,0
CXM1821,0,0,0,0,0,0,1
OIP0988,0,0,0,0,0,0,0
WSH1130,0,0,0,0,0,0,0
ACB3123,0,0,0,0,0,1,1
MYB3817,0,0,0,0,0,0,0
JBB1875,0,0,0,0,0,0,0
LBG1670,0,0,0,0,0,0,0
SHC1585,0,0,0,0,0,0,0
LXS0332,0,0,0,0,0,0,1
CCB3943,0,0,0,0,0,0,0
GNB3337,0,0,0,0,0,0,1
GJM0838,0,0,0,0,0,0,0
JAM2248,0,0,0,0,0,0,0
BHN2290,0,0,0,0,0,0,0
KOW3756,0,0,0,0,0,0,0
FNB1512,0,0,0,0,0,0,0
GJS0160,0,0,0,0,0,0,1
GIB0207,0,0,0,0,0,0,0
CCM2207,0,0,0,0,0,0,0
JFB0961,0,0,0,0,0,0,0
DGN3358,0,0,0,0,0,0,1
SGR0658,0,0,0,0,0,0,0
LMH1987,0,0,0,0,0,0,0
SBM2719,0,0,0,0,0,0,0
BZB3532,0,0,0,0,0,1,1
PHB2209,0,0,0,0,0,0,0
KBA1020,0,0,0,0,0,1,0
LIM1718,0,0,0,0,0,1,1
WKF3444,0,0,0,0,0,0,0
GKA3690,0,0,0,0,0,0,0
ZER0085,0,0,0,0,0,0,0
KTW1719,0,0,0,0,0,0,0
JMB1651,0,0,0,0,0,0,0
APC3043,0,0,0,0,0,1,0
NHP0412,0,0,0,0,0,0,0
PFC3807,0,0,0,0,0,0,0
EIR1046,0,0,0,0,0,1,1
IMH2964,0,0,0,0,0,0,0
JHF1278,0,0,0,0,0,0,0
BYC3970,0,0,0,0,0,1,0
RAB1712,0,0,0,0,0,0,0
HJH2977,0,0,0,0,0,0,0
SAC0374,0,0,0,0,0,0,0
SIR3201,0,0,0,0,0,1,0
HEB3754,0,0,0,0,0,0,1
MMA1255,0,0,0,0,0,0,0
RWH3312,0,0,0,0,0,0,0
MNC0433,0,0,0,0,0,0,0
PCA3344,0,0,0,0,0,0,0
SKM1287,0,0,0,0,0,0,0
MDG3281,0,0,0,0,0,0,0
BNW3985,0,0,0,0,0,0,0
HYP1591,0,0,0,0,0,0,0
ANO2653,0,0,0,0,0,0,0
APP1996,0,0,0,0,0,1,0
NDW1863,0,0,0,0,0,0,1
BNT0663,0,0,0,0,0,0,0
KJH0588,0,0,0,0,0,0,0
MLG2305,0,0,0,0,0,0,0
GPB2691,0,0,0,0,0,0,0
SJR0452,0,0,0,0,0,0,0
KEC0785,0,0,0,0,0,0,0
GRL2886,0,0,0,0,0,0,0
JRP0250,0,0,0,0,0,0,0
RAH3181,0,0,0,0,0,0,0
VDM2701,0,0,0,0,0,0,0
ROB2744,0,0,0,0,0,1,0
CGW3093,0,0,0,0,0,0,0
JNS3342,0,0,0,0,0,0,0
FSP0703,0,0,0,0,0,0,0
SME1984,0,0,0,0,0,0,0
BEH2967,0,0,0,0,0,0,0
KCM2495,0,0,0,0,0,0,0
FKA0393,0,0,0,0,0,0,0
OLB2930,0,0,0,0,0,0,0
KMB1379,0,0,0,0,0,0,0
RAF1290,0,0,0,0,0,0,0
CGW0692,0,0,0,0,0,1,1
EMO2120,0,0,0,0,0,0,0
KRD2100,0,0,0,0,0,0,0
BRM0143,0,0,0,0,0,0,0
VMJ3068,0,0,0,0,0,0,0
GMA1698,0,0,0,0,0,0,0
AJC3010,0,0,0,0,0,0,0
FAH1566,0,0,0,0,0,1,0
CAG1644,0,0,0,0,0,0,0
KSW0206,0,0,0,0,0,0,0
DJH0971,0,0,0,0,0,1,0
CJH3630,0,0,0,0,0,0,0
VRB3401,0,0,0,0,0,0,0
SCD3192,0,0,0,0,0,0,0
SDM3560,0,0,0,0,0,0,0
HLC1172,0,0,0,0,0,1,0
WLC0115,0,0,0,0,0,0,0
GJO3614,0,0,0,0,0,0,0
JBM2769,0,0,0,0,0,0,0
NTE3084,0,0,0,0,0,0,0
RAP0653,0,0,0,0,0,0,0
MNG3693,0,0,0,0,0,0,0
TAC3425,0,0,0,0,0,0,0
EJG0833,0,0,0,0,0,0,0
ORB0755,0,0,0,0,0,0,0
XCJ0023,0,0,0,0,0,0,0
SCJ2279,0,0,0,0,0,0,0
KMS0568,0,0,0,0,0,0,0
EJP2315,0,0,0,0,0,0,0
PAA2738,0,0,0,0,0,1,0
AMM0734,0,0,0,0,0,0,0
TSF3478,0,0,0,0,0,0,0
BCZ1345,0,0,0,0,0,0,0
NKC3652,0,0,0,0,0,0,0
KCH3224,0,0,0,0,0,0,0
ABM3203,0,0,0,0,0,1,1
AMB3208,0,0,0,0,0,0,0
XBW2502,0,0,0,0,0,1,1
UCS3454,0,0,0,0,0,0,0
SMS2452,0,0,0,0,0,1,0
GJB0850,0,0,0,0,0,0,0
ISS0949,0,0,0,0,0,0,0
CKG1972,0,0,0,0,0,0,0
OMP1671,0,0,0,0,0,0,0
RMN1355,0,0,0,0,0,0,0
IPB1935,0,0,0,0,0,0,0
RPF2614,0,0,0,0,0,0,0
KSJ0840,0,0,0,0,0,0,0
DAT1981,0,0,0,0,0,0,0
JUL1835,0,0,0,0,0,0,0
LRV1120,0,0,0,0,0,1,0
CBH0413,0,0,0,0,0,0,0
SWK1436,0,0,0,0,0,0,0
BHC0492,0,0,0,0,0,0,0
OGW0251,0,0,0,0,0,0,0
ORH2010,0,0,0,0,0,1,1
BJW3558,0,0,0,0,0,0,0
KCO0287,0,0,0,0,0,0,0
GSA2720,0,0,0,0,0,0,0
MCC0856,0,0,0,0,0,0,1
GAB1206,0,0,0,0,0,0,0
JMH0617,0,0,0,0,0,0,0
PLH0411,0,0,0,0,0,0,0
EMH1957,0,0,0,0,0,0,0
ARJ0912,0,0,0,0,0,0,0
KAW3589,0,0,0,0,0,1,0
KDC1487,0,0,0,0,0,0,0
CGB2215,0,0,0,0,0,0,0
DFW1467,0,0,0,0,0,0,0
WAA1816,0,0,0,0,0,0,0
JVZ3437,0,0,0,0,0,0,0
MWB0710,0,0,0,0,0,0,0
AAF3937,0,0,0,0,0,0,0
